group,cdist,protein,cluster_id,cluster_medoid,hotspot_type,classification,driver_site,driver_share,n_centers,contributing_sites,groups_present
AllHosts,6,HA,CLU6_HA_AllHosts_001,HA.218,dispersed,host-specific,HA.218,0.3845781934965863,10,HA.162;HA.164;HA.165;HA.166;HA.167;HA.187;HA.203;HA.205;HA.218;HA.220;HA.227;HA.229;HA.244;HA.246,BALBF
AllHosts,6,NS1,CLU6_NS1_AllHosts_001,NS1.183,single,genotype-specific (BALBC),NS1.183,0.815732278370719,7,NS1.179;NS1.180;NS1.183;NS1.184;NS1.187,"BALBF,BALBM"
AllHosts,6,PA,CLU6_PA_AllHosts_001,PA.021,dispersed,host-specific,PA.021,0.6848217251892511,5,PA.016;PA.021;PA.027;PA.035;PA.038,BALBM
AllHosts,6,PA,CLU6_PA_AllHosts_002,PA.097,single,host-specific,PA.097,0.8270509932454665,5,PA.090;PA.092;PA.094;PA.097,BL6M
AllHosts,6,PB2,CLU6_PB2_AllHosts_001,PB2.482,single,host-specific,PB2.482,1,5,PB2.482,BALBF
AllHosts,6,PB2,CLU6_PB2_AllHosts_002,PB2.701,single,host-specific,PB2.701,0.9833148111149671,5,PB2.699;PB2.701,BL6M
AllHosts,6,PB2,CLU6_PB2_AllHosts_003,PB2.740,single,host-specific,PB2.740,1,3,PB2.740,BALBM
AllHosts,12,HA,CLU12_HA_AllHosts_001,HA.218,dispersed,host-specific,HA.218,0.3510386543670506,39,HA.096;HA.102;HA.121;HA.128;HA.137;HA.138;HA.162;HA.164;HA.165;HA.166;HA.167;HA.182;HA.187;HA.189;HA.203;HA.205;HA.210;HA.218;HA.220;HA.227;HA.229;HA.230;HA.237;HA.238;HA.240;HA.243;HA.244;HA.246,BALBF
AllHosts,12,NS1,CLU12_NS1_AllHosts_001,NS1.183,dispersed,genotype-specific (BALBC),NS1.183,0.5655213021296284,25,NS1.092;NS1.102;NS1.106;NS1.109;NS1.118;NS1.121;NS1.125;NS1.157;NS1.169;NS1.179;NS1.180;NS1.183;NS1.184;NS1.187;NS1.189;NS1.196;NS1.202,"BALBF,BALBM"
AllHosts,12,PA,CLU12_PA_AllHosts_001,PA.021,dispersed,host-specific,PA.021,0.40249727176175687,9,PA.016;PA.021;PA.027;PA.035;PA.038;PA.189;PA.190;PA.192,BALBM
AllHosts,12,PA,CLU12_PA_AllHosts_002,PA.097,dispersed,host-specific,PA.097,0.5065770952704725,10,PA.074;PA.079;PA.090;PA.092;PA.094;PA.097;PA.112;PA.142,BL6M
AllHosts,12,PB2,CLU12_PB2_AllHosts_001,PB2.740,single,host-specific,PB2.740,1,8,PB2.740,BALBM
AllHosts,12,PB2,CLU12_PB2_AllHosts_002,PB2.701,single,host-specific,PB2.701,0.9833148111149671,4,PB2.699;PB2.701,BL6M
BALBC,6,HA,CLU6_HA_BALBC_001,HA.218,dispersed,host-specific,HA.218,0.5373435074831892,8,HA.165;HA.203;HA.205;HA.218;HA.220;HA.227;HA.229;HA.246,BALBF
BALBC,6,NS1,CLU6_NS1_BALBC_001,NS1.183,single,genotype-specific (BALBC),NS1.183,0.7981421607257333,7,NS1.179;NS1.180;NS1.183;NS1.184;NS1.187,"BALBF,BALBM"
BALBC,6,PA,CLU6_PA_BALBC_001,PA.021,dispersed,host-specific,PA.021,0.6044017602254209,5,PA.016;PA.021;PA.027;PA.035;PA.038,BALBM
BALBC,6,PA,CLU6_PA_BALBC_002,PA.097,single,host-specific,PA.097,0.9903100633590196,4,PA.090;PA.097,BL6M
BALBC,6,PB2,CLU6_PB2_BALBC_001,PB2.482,single,host-specific,PB2.482,1,3,PB2.482,BALBF
BALBC,6,PB2,CLU6_PB2_BALBC_002,PB2.740,single,host-specific,PB2.740,1,3,PB2.740,BALBM
BALBC,12,HA,CLU12_HA_BALBC_001,HA.218,dispersed,host-specific,HA.218,0.5043161314158372,37,HA.096;HA.102;HA.165;HA.167;HA.203;HA.205;HA.218;HA.220;HA.227;HA.229;HA.240;HA.243;HA.246,BALBF
BALBC,12,NS1,CLU12_NS1_BALBC_001,NS1.183,dispersed,genotype-specific (BALBC),NS1.183,0.666299177341085,25,NS1.092;NS1.106;NS1.125;NS1.169;NS1.179;NS1.180;NS1.183;NS1.184;NS1.187;NS1.189;NS1.196,"BALBF,BALBM"
BALBC,12,PA,CLU12_PA_BALBC_001,PA.021,dispersed,host-specific,PA.021,0.37189352977133033,12,PA.016;PA.021;PA.027;PA.035;PA.038;PA.190;PA.192,BALBM
BALBC,12,PA,CLU12_PA_BALBC_002,PA.097,dispersed,host-specific,PA.097,0.733360687443108,6,PA.090;PA.092;PA.097;PA.142,BL6M
BALBC,12,PB2,CLU12_PB2_BALBC_001,PB2.740,single,host-specific,PB2.740,1,9,PB2.740,BALBM
BALBF,6,HA,CLU6_HA_BALBF_001,HA.218,single,host-specific,HA.218,0.7762435615394707,7,HA.165;HA.203;HA.205;HA.218;HA.220;HA.229;HA.246,BALBF
BALBF,6,NS1,CLU6_NS1_BALBF_001,NS1.183,single,genotype-specific (BALBC),NS1.183,0.9475454908897599,7,NS1.179;NS1.183,"BALBF,BALBM"
BALBF,6,PB2,CLU6_PB2_BALBF_001,PB2.482,single,host-specific,PB2.482,1,4,PB2.482,BALBF
BALBF,12,HA,CLU12_HA_BALBF_001,HA.218,single,host-specific,HA.218,0.766910580121829,37,HA.096;HA.102;HA.165;HA.203;HA.205;HA.218;HA.220;HA.229;HA.240;HA.246,BALBF
BALBF,12,NS1,CLU12_NS1_BALBF_001,NS1.183,single,genotype-specific (BALBC),NS1.183,0.9265383224290462,25,NS1.106;NS1.179;NS1.183;NS1.189,"BALBF,BALBM"
BALBM,6,HA,CLU6_HA_BALBM_001,HA.165,dispersed,host-specific,HA.165,0.654761576841853,1,HA.165;HA.246,BALBM
BALBM,6,PB2,CLU6_PB2_BALBM_001,PB2.740,single,host-specific,PB2.740,1,3,PB2.740,BALBM
BALBM,12,HA,CLU12_HA_BALBM_001,HA.165,dispersed,host-specific,HA.165,0.5910944788097919,8,HA.165;HA.167;HA.218;HA.227;HA.243;HA.246,BALBM
BALBM,12,NS1,CLU12_NS1_BALBM_001,NS1.183,dispersed,genotype-specific (BALBC),NS1.189,0.33381947557825437,1,NS1.179;NS1.180;NS1.183;NS1.184;NS1.187;NS1.189,"BALBF,BALBM"
BALBM,12,PA,CLU12_PA_BALBM_001,PA.021,dispersed,host-specific,PA.021,0.4554323832061138,4,PA.021;PA.027;PA.035,BALBM
BALBM,12,PB2,CLU12_PB2_BALBM_001,PB2.740,single,host-specific,PB2.740,1,10,PB2.740,BALBM
BL6M,6,PB2,CLU6_PB2_BL6M_001,PB2.701,single,host-specific,PB2.701,1,5,PB2.701,BL6M
BL6M,12,NS1,CLU12_NS1_BL6M_001,NS1.081,single,host-specific,NS1.081,0.9592063218245065,1,NS1.066;NS1.081,BL6M
BL6M,12,PA,CLU12_PA_BL6M_001,PA.097,dispersed,host-specific,PA.097,0.371811238749138,3,PA.090;PA.092;PA.094;PA.097;PA.142,BL6M
BL6M,12,PB2,CLU12_PB2_BL6M_001,PB2.701,single,host-specific,PB2.701,0.9956625415085741,11,PB1.723;PB2.701,BL6M
C57BL6,6,PB2,CLU6_PB2_C57BL6_001,PB2.701,single,host-specific,PB2.701,1,5,PB2.701,BL6M
C57BL6,12,PA,CLU12_PA_C57BL6_001,PA.112,dispersed,-,PA.112,0.40647942847248647,1,PA.090;PA.092;PA.094;PA.097;PA.112,-
C57BL6,12,PB2,CLU12_PB2_C57BL6_001,PB2.701,single,host-specific,PB2.701,1,7,PB2.701,BL6M
FEMALE,6,HA,CLU6_HA_FEMALE_001,HA.218,dispersed,host-specific,HA.218,0.5959004765994325,7,HA.165;HA.203;HA.205;HA.218;HA.220;HA.229;HA.246,BALBF
FEMALE,6,NS1,CLU6_NS1_FEMALE_001,NS1.183,single,genotype-specific (BALBC),NS1.183,0.9464982504210595,7,NS1.179;NS1.183;NS1.187,"BALBF,BALBM"
FEMALE,6,PB2,CLU6_PB2_FEMALE_001,PB2.482,single,host-specific,PB2.482,1,5,PB2.482,BALBF
FEMALE,6,PB2,CLU6_PB2_FEMALE_002,PB2.740,single,host-specific,PB2.740,1,3,PB2.740,BALBM
FEMALE,12,HA,CLU12_HA_FEMALE_001,HA.218,dispersed,host-specific,HA.218,0.5288749377002523,37,HA.096;HA.102;HA.128;HA.137;HA.162;HA.164;HA.165;HA.166;HA.167;HA.182;HA.203;HA.205;HA.210;HA.218;HA.220;HA.229;HA.237;HA.240;HA.246,BALBF
FEMALE,12,NS1,CLU12_NS1_FEMALE_001,NS1.183,dispersed,genotype-specific (BALBC),NS1.183,0.7433248358825503,21,NS1.102;NS1.106;NS1.109;NS1.118;NS1.179;NS1.183;NS1.187;NS1.189,"BALBF,BALBM"
FEMALE,12,PB2,CLU12_PB2_FEMALE_001,PB2.482,single,host-specific,PB2.482,0.9562484879820252,1,PB2.466;PB2.482,BALBF
MALE,6,HA,CLU6_HA_MALE_001,HA.165,dispersed,host-specific,HA.165,0.6207084827538217,4,HA.162;HA.165;HA.167;HA.218;HA.244;HA.246,BALBM
MALE,6,NS1,CLU6_NS1_MALE_001,NS1.183,dispersed,genotype-specific (BALBC),NS1.183,0.6295568359808256,1,NS1.179;NS1.180;NS1.183,"BALBF,BALBM"
MALE,6,PA,CLU6_PA_MALE_001,PA.021,dispersed,host-specific,PA.021,0.7235044083976669,1,PA.021;PA.027,BALBM
MALE,6,PB2,CLU6_PB2_MALE_001,PB2.701,single,host-specific,PB2.701,0.9778933239808245,5,PB2.699;PB2.701,BL6M
MALE,6,PB2,CLU6_PB2_MALE_002,PB2.740,single,host-specific,PB2.740,1,3,PB2.740,BALBM
MALE,12,HA,CLU12_HA_MALE_001,HA.165,dispersed,host-specific,HA.165,0.4958199563819359,19,HA.138;HA.162;HA.165;HA.167;HA.187;HA.189;HA.205;HA.218;HA.227;HA.230;HA.238;HA.243;HA.244;HA.246,BALBM
MALE,12,NS1,CLU12_NS1_MALE_001,NS1.183,dispersed,genotype-specific (BALBC),NS1.183,0.3406443551657753,11,NS1.106;NS1.121;NS1.125;NS1.157;NS1.169;NS1.179;NS1.180;NS1.183;NS1.184;NS1.187;NS1.189;NS1.202,"BALBF,BALBM"
MALE,12,PA,CLU12_PA_MALE_001,PA.021,dispersed,host-specific,PA.021,0.49890350229593705,12,PA.021;PA.027;PA.035;PA.038;PA.190;PB1.105,BALBM
MALE,12,PA,CLU12_PA_MALE_002,PA.097,dispersed,host-specific,PA.097,0.4894882599739806,7,PA.090;PA.092;PA.094;PA.097;PA.142,BL6M
MALE,12,PB2,CLU12_PB2_MALE_001,PB2.740,single,host-specific,PB2.740,1,3,PB2.740,BALBM
MALE,12,PB2,CLU12_PB2_MALE_002,PB2.701,single,host-specific,PB2.701,0.9778933239808245,8,PB2.699;PB2.701,BL6M
