protein,cluster_medoid,BALBF,BALBM,BL6F,BL6M,freq-BALBF,freq-BALBM,freq-BL6F,freq-BL6M,type-BALBF,type-BALBM,type-BL6F,type-BL6M,classification
HA,HA.165,-,"6,12",-,-,0.0018258934285714287,0.30636044083333336,0.13860817642857143,0.05347498357142857,-,dispersed,-,-,host-specific
HA,HA.218,"6,12",-,-,-,0.7048111748571428,0.0038437303333333332,0,0,single,-,-,-,host-specific
NS1,NS1.081,-,-,-,12,0,0,0.0011504142857142858,0.19277076899999998,-,-,-,single,host-specific
NS1,NS1.183,"6,12",12,-,-,0.5645912265714286,0.13076446042857143,0.015824751857142858,0.07421971771428572,single,dispersed,-,-,genotype-specific (BALBC)
PA,PA.021,-,12,-,-,0.16514223742857143,0.1540669856,0,0.14196983142857142,-,dispersed,-,-,host-specific
PA,PA.097,-,-,-,12,0.22519307657142856,0.1933333334,0,0.107281106,-,-,-,dispersed,host-specific
PB2,PB2.482,6,-,-,-,0.34863943942857145,0,0.1425145597142857,0,single,-,-,-,host-specific
PB2,PB2.701,-,-,-,"6,12",0.01364127842857143,0.018857661,0.131885356,0.42450256114285717,-,-,-,single,host-specific
PB2,PB2.740,-,"6,12",-,-,0.15331251785714287,0.4650833038,0.14256339957142858,0,-,single,-,-,host-specific
