group,quantile,cdist,site,protein,cluster_id,cluster_medoid,hotspot_type,driver_site,driver_share
AllHosts,0.999,6,HA.164,HA,CLU6_HA_AllHosts_001,HA.218,dispersed,HA.218,0.384578193
AllHosts,0.999,6,HA.165,HA,CLU6_HA_AllHosts_001,HA.218,dispersed,HA.218,0.384578193
AllHosts,0.999,6,HA.166,HA,CLU6_HA_AllHosts_001,HA.218,dispersed,HA.218,0.384578193
AllHosts,0.999,6,HA.185,HA,CLU6_HA_AllHosts_001,HA.218,dispersed,HA.218,0.384578193
AllHosts,0.999,6,HA.186,HA,CLU6_HA_AllHosts_001,HA.218,dispersed,HA.218,0.384578193
AllHosts,0.999,6,HA.217,HA,CLU6_HA_AllHosts_001,HA.218,dispersed,HA.218,0.384578193
AllHosts,0.999,6,HA.218,HA,CLU6_HA_AllHosts_001,HA.218,dispersed,HA.218,0.384578193
AllHosts,0.999,6,HA.219,HA,CLU6_HA_AllHosts_001,HA.218,dispersed,HA.218,0.384578193
AllHosts,0.999,6,HA.220,HA,CLU6_HA_AllHosts_001,HA.218,dispersed,HA.218,0.384578193
AllHosts,0.999,6,HA.246,HA,CLU6_HA_AllHosts_001,HA.218,dispersed,HA.218,0.384578193
AllHosts,0.999,6,NS1.179,NS1,CLU6_NS1_AllHosts_001,NS1.183,single,NS1.183,0.815732278
AllHosts,0.999,6,NS1.180,NS1,CLU6_NS1_AllHosts_001,NS1.183,single,NS1.183,0.815732278
AllHosts,0.999,6,NS1.182,NS1,CLU6_NS1_AllHosts_001,NS1.183,single,NS1.183,0.815732278
AllHosts,0.999,6,NS1.183,NS1,CLU6_NS1_AllHosts_001,NS1.183,single,NS1.183,0.815732278
AllHosts,0.999,6,NS1.184,NS1,CLU6_NS1_AllHosts_001,NS1.183,single,NS1.183,0.815732278
AllHosts,0.999,6,NS1.185,NS1,CLU6_NS1_AllHosts_001,NS1.183,single,NS1.183,0.815732278
AllHosts,0.999,6,NS1.186,NS1,CLU6_NS1_AllHosts_001,NS1.183,single,NS1.183,0.815732278
AllHosts,0.999,6,PA.017,PA,CLU6_PA_AllHosts_001,PA.021,dispersed,PA.021,0.684821725
AllHosts,0.999,6,PA.020,PA,CLU6_PA_AllHosts_001,PA.021,dispersed,PA.021,0.684821725
AllHosts,0.999,6,PA.021,PA,CLU6_PA_AllHosts_001,PA.021,dispersed,PA.021,0.684821725
AllHosts,0.999,6,PA.022,PA,CLU6_PA_AllHosts_001,PA.021,dispersed,PA.021,0.684821725
AllHosts,0.999,6,PA.026,PA,CLU6_PA_AllHosts_001,PA.021,dispersed,PA.021,0.684821725
AllHosts,0.999,6,PA.093,PA,CLU6_PA_AllHosts_002,PA.097,single,PA.097,0.827050993
AllHosts,0.999,6,PA.094,PA,CLU6_PA_AllHosts_002,PA.097,single,PA.097,0.827050993
AllHosts,0.999,6,PA.096,PA,CLU6_PA_AllHosts_002,PA.097,single,PA.097,0.827050993
AllHosts,0.999,6,PA.097,PA,CLU6_PA_AllHosts_002,PA.097,single,PA.097,0.827050993
AllHosts,0.999,6,PA.098,PA,CLU6_PA_AllHosts_002,PA.097,single,PA.097,0.827050993
AllHosts,0.999,6,PB2.459,PB2,CLU6_PB2_AllHosts_001,PB2.482,single,PB2.482,1
AllHosts,0.999,6,PB2.460,PB2,CLU6_PB2_AllHosts_001,PB2.482,single,PB2.482,1
AllHosts,0.999,6,PB2.481,PB2,CLU6_PB2_AllHosts_001,PB2.482,single,PB2.482,1
AllHosts,0.999,6,PB2.482,PB2,CLU6_PB2_AllHosts_001,PB2.482,single,PB2.482,1
AllHosts,0.999,6,PB2.483,PB2,CLU6_PB2_AllHosts_001,PB2.482,single,PB2.482,1
AllHosts,0.999,6,PB2.700,PB2,CLU6_PB2_AllHosts_002,PB2.701,single,PB2.701,0.983314811
AllHosts,0.999,6,PB2.701,PB2,CLU6_PB2_AllHosts_002,PB2.701,single,PB2.701,0.983314811
AllHosts,0.999,6,PB2.702,PB2,CLU6_PB2_AllHosts_002,PB2.701,single,PB2.701,0.983314811
AllHosts,0.999,6,PB2.703,PB2,CLU6_PB2_AllHosts_002,PB2.701,single,PB2.701,0.983314811
AllHosts,0.999,6,PB2.704,PB2,CLU6_PB2_AllHosts_002,PB2.701,single,PB2.701,0.983314811
AllHosts,0.999,6,PB2.739,PB2,CLU6_PB2_AllHosts_003,PB2.740,single,PB2.740,1
AllHosts,0.999,6,PB2.740,PB2,CLU6_PB2_AllHosts_003,PB2.740,single,PB2.740,1
AllHosts,0.999,6,PB2.741,PB2,CLU6_PB2_AllHosts_003,PB2.740,single,PB2.740,1
AllHosts,0.999,12,HA.126,HA,CLU12_HA_AllHosts_001,HA.218,dispersed,HA.218,0.351038654
AllHosts,0.999,12,HA.163,HA,CLU12_HA_AllHosts_001,HA.218,dispersed,HA.218,0.351038654
AllHosts,0.999,12,HA.164,HA,CLU12_HA_AllHosts_001,HA.218,dispersed,HA.218,0.351038654
AllHosts,0.999,12,HA.165,HA,CLU12_HA_AllHosts_001,HA.218,dispersed,HA.218,0.351038654
AllHosts,0.999,12,HA.166,HA,CLU12_HA_AllHosts_001,HA.218,dispersed,HA.218,0.351038654
AllHosts,0.999,12,HA.167,HA,CLU12_HA_AllHosts_001,HA.218,dispersed,HA.218,0.351038654
AllHosts,0.999,12,HA.168,HA,CLU12_HA_AllHosts_001,HA.218,dispersed,HA.218,0.351038654
AllHosts,0.999,12,HA.184,HA,CLU12_HA_AllHosts_001,HA.218,dispersed,HA.218,0.351038654
AllHosts,0.999,12,HA.185,HA,CLU12_HA_AllHosts_001,HA.218,dispersed,HA.218,0.351038654
AllHosts,0.999,12,HA.186,HA,CLU12_HA_AllHosts_001,HA.218,dispersed,HA.218,0.351038654
AllHosts,0.999,12,HA.187,HA,CLU12_HA_AllHosts_001,HA.218,dispersed,HA.218,0.351038654
AllHosts,0.999,12,HA.188,HA,CLU12_HA_AllHosts_001,HA.218,dispersed,HA.218,0.351038654
AllHosts,0.999,12,HA.189,HA,CLU12_HA_AllHosts_001,HA.218,dispersed,HA.218,0.351038654
AllHosts,0.999,12,HA.190,HA,CLU12_HA_AllHosts_001,HA.218,dispersed,HA.218,0.351038654
AllHosts,0.999,12,HA.201,HA,CLU12_HA_AllHosts_001,HA.218,dispersed,HA.218,0.351038654
AllHosts,0.999,12,HA.202,HA,CLU12_HA_AllHosts_001,HA.218,dispersed,HA.218,0.351038654
AllHosts,0.999,12,HA.203,HA,CLU12_HA_AllHosts_001,HA.218,dispersed,HA.218,0.351038654
AllHosts,0.999,12,HA.204,HA,CLU12_HA_AllHosts_001,HA.218,dispersed,HA.218,0.351038654
AllHosts,0.999,12,HA.205,HA,CLU12_HA_AllHosts_001,HA.218,dispersed,HA.218,0.351038654
AllHosts,0.999,12,HA.210,HA,CLU12_HA_AllHosts_001,HA.218,dispersed,HA.218,0.351038654
AllHosts,0.999,12,HA.211,HA,CLU12_HA_AllHosts_001,HA.218,dispersed,HA.218,0.351038654
AllHosts,0.999,12,HA.212,HA,CLU12_HA_AllHosts_001,HA.218,dispersed,HA.218,0.351038654
AllHosts,0.999,12,HA.215,HA,CLU12_HA_AllHosts_001,HA.218,dispersed,HA.218,0.351038654
AllHosts,0.999,12,HA.216,HA,CLU12_HA_AllHosts_001,HA.218,dispersed,HA.218,0.351038654
AllHosts,0.999,12,HA.217,HA,CLU12_HA_AllHosts_001,HA.218,dispersed,HA.218,0.351038654
AllHosts,0.999,12,HA.218,HA,CLU12_HA_AllHosts_001,HA.218,dispersed,HA.218,0.351038654
AllHosts,0.999,12,HA.219,HA,CLU12_HA_AllHosts_001,HA.218,dispersed,HA.218,0.351038654
AllHosts,0.999,12,HA.220,HA,CLU12_HA_AllHosts_001,HA.218,dispersed,HA.218,0.351038654
AllHosts,0.999,12,HA.221,HA,CLU12_HA_AllHosts_001,HA.218,dispersed,HA.218,0.351038654
AllHosts,0.999,12,HA.226,HA,CLU12_HA_AllHosts_001,HA.218,dispersed,HA.218,0.351038654
AllHosts,0.999,12,HA.227,HA,CLU12_HA_AllHosts_001,HA.218,dispersed,HA.218,0.351038654
AllHosts,0.999,12,HA.228,HA,CLU12_HA_AllHosts_001,HA.218,dispersed,HA.218,0.351038654
AllHosts,0.999,12,HA.229,HA,CLU12_HA_AllHosts_001,HA.218,dispersed,HA.218,0.351038654
AllHosts,0.999,12,HA.243,HA,CLU12_HA_AllHosts_001,HA.218,dispersed,HA.218,0.351038654
AllHosts,0.999,12,HA.244,HA,CLU12_HA_AllHosts_001,HA.218,dispersed,HA.218,0.351038654
AllHosts,0.999,12,HA.245,HA,CLU12_HA_AllHosts_001,HA.218,dispersed,HA.218,0.351038654
AllHosts,0.999,12,HA.246,HA,CLU12_HA_AllHosts_001,HA.218,dispersed,HA.218,0.351038654
AllHosts,0.999,12,HA.247,HA,CLU12_HA_AllHosts_001,HA.218,dispersed,HA.218,0.351038654
AllHosts,0.999,12,HA.248,HA,CLU12_HA_AllHosts_001,HA.218,dispersed,HA.218,0.351038654
AllHosts,0.999,12,NS1.108,NS1,CLU12_NS1_AllHosts_001,NS1.183,dispersed,NS1.183,0.565521302
AllHosts,0.999,12,NS1.110,NS1,CLU12_NS1_AllHosts_001,NS1.183,dispersed,NS1.183,0.565521302
AllHosts,0.999,12,NS1.117,NS1,CLU12_NS1_AllHosts_001,NS1.183,dispersed,NS1.183,0.565521302
AllHosts,0.999,12,NS1.119,NS1,CLU12_NS1_AllHosts_001,NS1.183,dispersed,NS1.183,0.565521302
AllHosts,0.999,12,NS1.121,NS1,CLU12_NS1_AllHosts_001,NS1.183,dispersed,NS1.183,0.565521302
AllHosts,0.999,12,NS1.128,NS1,CLU12_NS1_AllHosts_001,NS1.183,dispersed,NS1.183,0.565521302
AllHosts,0.999,12,NS1.130,NS1,CLU12_NS1_AllHosts_001,NS1.183,dispersed,NS1.183,0.565521302
AllHosts,0.999,12,NS1.176,NS1,CLU12_NS1_AllHosts_001,NS1.183,dispersed,NS1.183,0.565521302
AllHosts,0.999,12,NS1.177,NS1,CLU12_NS1_AllHosts_001,NS1.183,dispersed,NS1.183,0.565521302
AllHosts,0.999,12,NS1.178,NS1,CLU12_NS1_AllHosts_001,NS1.183,dispersed,NS1.183,0.565521302
AllHosts,0.999,12,NS1.179,NS1,CLU12_NS1_AllHosts_001,NS1.183,dispersed,NS1.183,0.565521302
AllHosts,0.999,12,NS1.180,NS1,CLU12_NS1_AllHosts_001,NS1.183,dispersed,NS1.183,0.565521302
AllHosts,0.999,12,NS1.181,NS1,CLU12_NS1_AllHosts_001,NS1.183,dispersed,NS1.183,0.565521302
AllHosts,0.999,12,NS1.182,NS1,CLU12_NS1_AllHosts_001,NS1.183,dispersed,NS1.183,0.565521302
AllHosts,0.999,12,NS1.183,NS1,CLU12_NS1_AllHosts_001,NS1.183,dispersed,NS1.183,0.565521302
AllHosts,0.999,12,NS1.184,NS1,CLU12_NS1_AllHosts_001,NS1.183,dispersed,NS1.183,0.565521302
AllHosts,0.999,12,NS1.185,NS1,CLU12_NS1_AllHosts_001,NS1.183,dispersed,NS1.183,0.565521302
AllHosts,0.999,12,NS1.186,NS1,CLU12_NS1_AllHosts_001,NS1.183,dispersed,NS1.183,0.565521302
AllHosts,0.999,12,NS1.187,NS1,CLU12_NS1_AllHosts_001,NS1.183,dispersed,NS1.183,0.565521302
AllHosts,0.999,12,NS1.188,NS1,CLU12_NS1_AllHosts_001,NS1.183,dispersed,NS1.183,0.565521302
AllHosts,0.999,12,NS1.189,NS1,CLU12_NS1_AllHosts_001,NS1.183,dispersed,NS1.183,0.565521302
AllHosts,0.999,12,NS1.190,NS1,CLU12_NS1_AllHosts_001,NS1.183,dispersed,NS1.183,0.565521302
AllHosts,0.999,12,NS1.191,NS1,CLU12_NS1_AllHosts_001,NS1.183,dispersed,NS1.183,0.565521302
AllHosts,0.999,12,NS1.192,NS1,CLU12_NS1_AllHosts_001,NS1.183,dispersed,NS1.183,0.565521302
AllHosts,0.999,12,NS1.193,NS1,CLU12_NS1_AllHosts_001,NS1.183,dispersed,NS1.183,0.565521302
AllHosts,0.999,12,PA.019,PA,CLU12_PA_AllHosts_001,PA.021,dispersed,PA.021,0.402497272
AllHosts,0.999,12,PA.022,PA,CLU12_PA_AllHosts_001,PA.021,dispersed,PA.021,0.402497272
AllHosts,0.999,12,PA.024,PA,CLU12_PA_AllHosts_001,PA.021,dispersed,PA.021,0.402497272
AllHosts,0.999,12,PA.025,PA,CLU12_PA_AllHosts_001,PA.021,dispersed,PA.021,0.402497272
AllHosts,0.999,12,PA.026,PA,CLU12_PA_AllHosts_001,PA.021,dispersed,PA.021,0.402497272
AllHosts,0.999,12,PA.031,PA,CLU12_PA_AllHosts_001,PA.021,dispersed,PA.021,0.402497272
AllHosts,0.999,12,PA.032,PA,CLU12_PA_AllHosts_001,PA.021,dispersed,PA.021,0.402497272
AllHosts,0.999,12,PA.033,PA,CLU12_PA_AllHosts_001,PA.021,dispersed,PA.021,0.402497272
AllHosts,0.999,12,PA.093,PA,CLU12_PA_AllHosts_002,PA.097,dispersed,PA.097,0.506577095
AllHosts,0.999,12,PA.094,PA,CLU12_PA_AllHosts_002,PA.097,dispersed,PA.097,0.506577095
AllHosts,0.999,12,PA.095,PA,CLU12_PA_AllHosts_002,PA.097,dispersed,PA.097,0.506577095
AllHosts,0.999,12,PA.096,PA,CLU12_PA_AllHosts_002,PA.097,dispersed,PA.097,0.506577095
AllHosts,0.999,12,PA.097,PA,CLU12_PA_AllHosts_002,PA.097,dispersed,PA.097,0.506577095
AllHosts,0.999,12,PA.098,PA,CLU12_PA_AllHosts_002,PA.097,dispersed,PA.097,0.506577095
AllHosts,0.999,12,PA.099,PA,CLU12_PA_AllHosts_002,PA.097,dispersed,PA.097,0.506577095
AllHosts,0.999,12,PA.100,PA,CLU12_PA_AllHosts_002,PA.097,dispersed,PA.097,0.506577095
AllHosts,0.999,12,PA.110,PA,CLU12_PA_AllHosts_002,PA.097,dispersed,PA.097,0.506577095
AllHosts,0.999,12,PA.115,PA,CLU12_PA_AllHosts_002,PA.097,dispersed,PA.097,0.506577095
AllHosts,0.999,12,PA.200,PA,CLU12_PA_AllHosts_001,PA.021,dispersed,PA.021,0.402497272
AllHosts,0.999,12,PB2.693,PB2,CLU12_PB2_AllHosts_001,PB2.740,single,PB2.740,1
AllHosts,0.999,12,PB2.701,PB2,CLU12_PB2_AllHosts_002,PB2.701,single,PB2.701,0.983314811
AllHosts,0.999,12,PB2.702,PB2,CLU12_PB2_AllHosts_002,PB2.701,single,PB2.701,0.983314811
AllHosts,0.999,12,PB2.703,PB2,CLU12_PB2_AllHosts_002,PB2.701,single,PB2.701,0.983314811
AllHosts,0.999,12,PB2.704,PB2,CLU12_PB2_AllHosts_002,PB2.701,single,PB2.701,0.983314811
AllHosts,0.999,12,PB2.737,PB2,CLU12_PB2_AllHosts_001,PB2.740,single,PB2.740,1
AllHosts,0.999,12,PB2.738,PB2,CLU12_PB2_AllHosts_001,PB2.740,single,PB2.740,1
AllHosts,0.999,12,PB2.739,PB2,CLU12_PB2_AllHosts_001,PB2.740,single,PB2.740,1
AllHosts,0.999,12,PB2.740,PB2,CLU12_PB2_AllHosts_001,PB2.740,single,PB2.740,1
AllHosts,0.999,12,PB2.742,PB2,CLU12_PB2_AllHosts_001,PB2.740,single,PB2.740,1
AllHosts,0.999,12,PB2.743,PB2,CLU12_PB2_AllHosts_001,PB2.740,single,PB2.740,1
AllHosts,0.999,12,PB2.744,PB2,CLU12_PB2_AllHosts_001,PB2.740,single,PB2.740,1
BALBC,0.999,6,HA.165,HA,CLU6_HA_BALBC_001,HA.218,dispersed,HA.218,0.537343507
BALBC,0.999,6,HA.185,HA,CLU6_HA_BALBC_001,HA.218,dispersed,HA.218,0.537343507
BALBC,0.999,6,HA.186,HA,CLU6_HA_BALBC_001,HA.218,dispersed,HA.218,0.537343507
BALBC,0.999,6,HA.217,HA,CLU6_HA_BALBC_001,HA.218,dispersed,HA.218,0.537343507
BALBC,0.999,6,HA.218,HA,CLU6_HA_BALBC_001,HA.218,dispersed,HA.218,0.537343507
BALBC,0.999,6,HA.219,HA,CLU6_HA_BALBC_001,HA.218,dispersed,HA.218,0.537343507
BALBC,0.999,6,HA.220,HA,CLU6_HA_BALBC_001,HA.218,dispersed,HA.218,0.537343507
BALBC,0.999,6,HA.246,HA,CLU6_HA_BALBC_001,HA.218,dispersed,HA.218,0.537343507
BALBC,0.999,6,NS1.179,NS1,CLU6_NS1_BALBC_001,NS1.183,single,NS1.183,0.798142161
BALBC,0.999,6,NS1.180,NS1,CLU6_NS1_BALBC_001,NS1.183,single,NS1.183,0.798142161
BALBC,0.999,6,NS1.182,NS1,CLU6_NS1_BALBC_001,NS1.183,single,NS1.183,0.798142161
BALBC,0.999,6,NS1.183,NS1,CLU6_NS1_BALBC_001,NS1.183,single,NS1.183,0.798142161
BALBC,0.999,6,NS1.184,NS1,CLU6_NS1_BALBC_001,NS1.183,single,NS1.183,0.798142161
BALBC,0.999,6,NS1.185,NS1,CLU6_NS1_BALBC_001,NS1.183,single,NS1.183,0.798142161
BALBC,0.999,6,NS1.186,NS1,CLU6_NS1_BALBC_001,NS1.183,single,NS1.183,0.798142161
BALBC,0.999,6,PA.017,PA,CLU6_PA_BALBC_001,PA.021,dispersed,PA.021,0.60440176
BALBC,0.999,6,PA.020,PA,CLU6_PA_BALBC_001,PA.021,dispersed,PA.021,0.60440176
BALBC,0.999,6,PA.021,PA,CLU6_PA_BALBC_001,PA.021,dispersed,PA.021,0.60440176
BALBC,0.999,6,PA.022,PA,CLU6_PA_BALBC_001,PA.021,dispersed,PA.021,0.60440176
BALBC,0.999,6,PA.026,PA,CLU6_PA_BALBC_001,PA.021,dispersed,PA.021,0.60440176
BALBC,0.999,6,PA.094,PA,CLU6_PA_BALBC_002,PA.097,single,PA.097,0.990310063
BALBC,0.999,6,PA.096,PA,CLU6_PA_BALBC_002,PA.097,single,PA.097,0.990310063
BALBC,0.999,6,PA.097,PA,CLU6_PA_BALBC_002,PA.097,single,PA.097,0.990310063
BALBC,0.999,6,PA.098,PA,CLU6_PA_BALBC_002,PA.097,single,PA.097,0.990310063
BALBC,0.999,6,PB2.459,PB2,CLU6_PB2_BALBC_001,PB2.482,single,PB2.482,1
BALBC,0.999,6,PB2.482,PB2,CLU6_PB2_BALBC_001,PB2.482,single,PB2.482,1
BALBC,0.999,6,PB2.483,PB2,CLU6_PB2_BALBC_001,PB2.482,single,PB2.482,1
BALBC,0.999,6,PB2.739,PB2,CLU6_PB2_BALBC_002,PB2.740,single,PB2.740,1
BALBC,0.999,6,PB2.740,PB2,CLU6_PB2_BALBC_002,PB2.740,single,PB2.740,1
BALBC,0.999,6,PB2.741,PB2,CLU6_PB2_BALBC_002,PB2.740,single,PB2.740,1
BALBC,0.999,12,HA.163,HA,CLU12_HA_BALBC_001,HA.218,dispersed,HA.218,0.504316131
BALBC,0.999,12,HA.164,HA,CLU12_HA_BALBC_001,HA.218,dispersed,HA.218,0.504316131
BALBC,0.999,12,HA.165,HA,CLU12_HA_BALBC_001,HA.218,dispersed,HA.218,0.504316131
BALBC,0.999,12,HA.166,HA,CLU12_HA_BALBC_001,HA.218,dispersed,HA.218,0.504316131
BALBC,0.999,12,HA.183,HA,CLU12_HA_BALBC_001,HA.218,dispersed,HA.218,0.504316131
BALBC,0.999,12,HA.184,HA,CLU12_HA_BALBC_001,HA.218,dispersed,HA.218,0.504316131
BALBC,0.999,12,HA.185,HA,CLU12_HA_BALBC_001,HA.218,dispersed,HA.218,0.504316131
BALBC,0.999,12,HA.186,HA,CLU12_HA_BALBC_001,HA.218,dispersed,HA.218,0.504316131
BALBC,0.999,12,HA.187,HA,CLU12_HA_BALBC_001,HA.218,dispersed,HA.218,0.504316131
BALBC,0.999,12,HA.188,HA,CLU12_HA_BALBC_001,HA.218,dispersed,HA.218,0.504316131
BALBC,0.999,12,HA.189,HA,CLU12_HA_BALBC_001,HA.218,dispersed,HA.218,0.504316131
BALBC,0.999,12,HA.190,HA,CLU12_HA_BALBC_001,HA.218,dispersed,HA.218,0.504316131
BALBC,0.999,12,HA.191,HA,CLU12_HA_BALBC_001,HA.218,dispersed,HA.218,0.504316131
BALBC,0.999,12,HA.201,HA,CLU12_HA_BALBC_001,HA.218,dispersed,HA.218,0.504316131
BALBC,0.999,12,HA.202,HA,CLU12_HA_BALBC_001,HA.218,dispersed,HA.218,0.504316131
BALBC,0.999,12,HA.203,HA,CLU12_HA_BALBC_001,HA.218,dispersed,HA.218,0.504316131
BALBC,0.999,12,HA.204,HA,CLU12_HA_BALBC_001,HA.218,dispersed,HA.218,0.504316131
BALBC,0.999,12,HA.205,HA,CLU12_HA_BALBC_001,HA.218,dispersed,HA.218,0.504316131
BALBC,0.999,12,HA.210,HA,CLU12_HA_BALBC_001,HA.218,dispersed,HA.218,0.504316131
BALBC,0.999,12,HA.211,HA,CLU12_HA_BALBC_001,HA.218,dispersed,HA.218,0.504316131
BALBC,0.999,12,HA.212,HA,CLU12_HA_BALBC_001,HA.218,dispersed,HA.218,0.504316131
BALBC,0.999,12,HA.215,HA,CLU12_HA_BALBC_001,HA.218,dispersed,HA.218,0.504316131
BALBC,0.999,12,HA.216,HA,CLU12_HA_BALBC_001,HA.218,dispersed,HA.218,0.504316131
BALBC,0.999,12,HA.217,HA,CLU12_HA_BALBC_001,HA.218,dispersed,HA.218,0.504316131
BALBC,0.999,12,HA.218,HA,CLU12_HA_BALBC_001,HA.218,dispersed,HA.218,0.504316131
BALBC,0.999,12,HA.219,HA,CLU12_HA_BALBC_001,HA.218,dispersed,HA.218,0.504316131
BALBC,0.999,12,HA.220,HA,CLU12_HA_BALBC_001,HA.218,dispersed,HA.218,0.504316131
BALBC,0.999,12,HA.221,HA,CLU12_HA_BALBC_001,HA.218,dispersed,HA.218,0.504316131
BALBC,0.999,12,HA.226,HA,CLU12_HA_BALBC_001,HA.218,dispersed,HA.218,0.504316131
BALBC,0.999,12,HA.227,HA,CLU12_HA_BALBC_001,HA.218,dispersed,HA.218,0.504316131
BALBC,0.999,12,HA.228,HA,CLU12_HA_BALBC_001,HA.218,dispersed,HA.218,0.504316131
BALBC,0.999,12,HA.229,HA,CLU12_HA_BALBC_001,HA.218,dispersed,HA.218,0.504316131
BALBC,0.999,12,HA.244,HA,CLU12_HA_BALBC_001,HA.218,dispersed,HA.218,0.504316131
BALBC,0.999,12,HA.245,HA,CLU12_HA_BALBC_001,HA.218,dispersed,HA.218,0.504316131
BALBC,0.999,12,HA.246,HA,CLU12_HA_BALBC_001,HA.218,dispersed,HA.218,0.504316131
BALBC,0.999,12,HA.247,HA,CLU12_HA_BALBC_001,HA.218,dispersed,HA.218,0.504316131
BALBC,0.999,12,HA.248,HA,CLU12_HA_BALBC_001,HA.218,dispersed,HA.218,0.504316131
BALBC,0.999,12,NS1.108,NS1,CLU12_NS1_BALBC_001,NS1.183,dispersed,NS1.183,0.666299177
BALBC,0.999,12,NS1.110,NS1,CLU12_NS1_BALBC_001,NS1.183,dispersed,NS1.183,0.666299177
BALBC,0.999,12,NS1.117,NS1,CLU12_NS1_BALBC_001,NS1.183,dispersed,NS1.183,0.666299177
BALBC,0.999,12,NS1.119,NS1,CLU12_NS1_BALBC_001,NS1.183,dispersed,NS1.183,0.666299177
BALBC,0.999,12,NS1.121,NS1,CLU12_NS1_BALBC_001,NS1.183,dispersed,NS1.183,0.666299177
BALBC,0.999,12,NS1.128,NS1,CLU12_NS1_BALBC_001,NS1.183,dispersed,NS1.183,0.666299177
BALBC,0.999,12,NS1.130,NS1,CLU12_NS1_BALBC_001,NS1.183,dispersed,NS1.183,0.666299177
BALBC,0.999,12,NS1.176,NS1,CLU12_NS1_BALBC_001,NS1.183,dispersed,NS1.183,0.666299177
BALBC,0.999,12,NS1.177,NS1,CLU12_NS1_BALBC_001,NS1.183,dispersed,NS1.183,0.666299177
BALBC,0.999,12,NS1.178,NS1,CLU12_NS1_BALBC_001,NS1.183,dispersed,NS1.183,0.666299177
BALBC,0.999,12,NS1.179,NS1,CLU12_NS1_BALBC_001,NS1.183,dispersed,NS1.183,0.666299177
BALBC,0.999,12,NS1.180,NS1,CLU12_NS1_BALBC_001,NS1.183,dispersed,NS1.183,0.666299177
BALBC,0.999,12,NS1.181,NS1,CLU12_NS1_BALBC_001,NS1.183,dispersed,NS1.183,0.666299177
BALBC,0.999,12,NS1.182,NS1,CLU12_NS1_BALBC_001,NS1.183,dispersed,NS1.183,0.666299177
BALBC,0.999,12,NS1.183,NS1,CLU12_NS1_BALBC_001,NS1.183,dispersed,NS1.183,0.666299177
BALBC,0.999,12,NS1.184,NS1,CLU12_NS1_BALBC_001,NS1.183,dispersed,NS1.183,0.666299177
BALBC,0.999,12,NS1.185,NS1,CLU12_NS1_BALBC_001,NS1.183,dispersed,NS1.183,0.666299177
BALBC,0.999,12,NS1.186,NS1,CLU12_NS1_BALBC_001,NS1.183,dispersed,NS1.183,0.666299177
BALBC,0.999,12,NS1.187,NS1,CLU12_NS1_BALBC_001,NS1.183,dispersed,NS1.183,0.666299177
BALBC,0.999,12,NS1.188,NS1,CLU12_NS1_BALBC_001,NS1.183,dispersed,NS1.183,0.666299177
BALBC,0.999,12,NS1.189,NS1,CLU12_NS1_BALBC_001,NS1.183,dispersed,NS1.183,0.666299177
BALBC,0.999,12,NS1.190,NS1,CLU12_NS1_BALBC_001,NS1.183,dispersed,NS1.183,0.666299177
BALBC,0.999,12,NS1.191,NS1,CLU12_NS1_BALBC_001,NS1.183,dispersed,NS1.183,0.666299177
BALBC,0.999,12,NS1.192,NS1,CLU12_NS1_BALBC_001,NS1.183,dispersed,NS1.183,0.666299177
BALBC,0.999,12,NS1.193,NS1,CLU12_NS1_BALBC_001,NS1.183,dispersed,NS1.183,0.666299177
BALBC,0.999,12,PA.018,PA,CLU12_PA_BALBC_001,PA.021,dispersed,PA.021,0.37189353
BALBC,0.999,12,PA.019,PA,CLU12_PA_BALBC_001,PA.021,dispersed,PA.021,0.37189353
BALBC,0.999,12,PA.022,PA,CLU12_PA_BALBC_001,PA.021,dispersed,PA.021,0.37189353
BALBC,0.999,12,PA.024,PA,CLU12_PA_BALBC_001,PA.021,dispersed,PA.021,0.37189353
BALBC,0.999,12,PA.025,PA,CLU12_PA_BALBC_001,PA.021,dispersed,PA.021,0.37189353
BALBC,0.999,12,PA.026,PA,CLU12_PA_BALBC_001,PA.021,dispersed,PA.021,0.37189353
BALBC,0.999,12,PA.027,PA,CLU12_PA_BALBC_001,PA.021,dispersed,PA.021,0.37189353
BALBC,0.999,12,PA.031,PA,CLU12_PA_BALBC_001,PA.021,dispersed,PA.021,0.37189353
BALBC,0.999,12,PA.032,PA,CLU12_PA_BALBC_001,PA.021,dispersed,PA.021,0.37189353
BALBC,0.999,12,PA.034,PA,CLU12_PA_BALBC_001,PA.021,dispersed,PA.021,0.37189353
BALBC,0.999,12,PA.035,PA,CLU12_PA_BALBC_001,PA.021,dispersed,PA.021,0.37189353
BALBC,0.999,12,PA.096,PA,CLU12_PA_BALBC_002,PA.097,dispersed,PA.097,0.733360687
BALBC,0.999,12,PA.097,PA,CLU12_PA_BALBC_002,PA.097,dispersed,PA.097,0.733360687
BALBC,0.999,12,PA.098,PA,CLU12_PA_BALBC_002,PA.097,dispersed,PA.097,0.733360687
BALBC,0.999,12,PA.099,PA,CLU12_PA_BALBC_002,PA.097,dispersed,PA.097,0.733360687
BALBC,0.999,12,PA.100,PA,CLU12_PA_BALBC_002,PA.097,dispersed,PA.097,0.733360687
BALBC,0.999,12,PA.115,PA,CLU12_PA_BALBC_002,PA.097,dispersed,PA.097,0.733360687
BALBC,0.999,12,PA.200,PA,CLU12_PA_BALBC_001,PA.021,dispersed,PA.021,0.37189353
BALBC,0.999,12,PB2.693,PB2,CLU12_PB2_BALBC_001,PB2.740,single,PB2.740,1
BALBC,0.999,12,PB2.737,PB2,CLU12_PB2_BALBC_001,PB2.740,single,PB2.740,1
BALBC,0.999,12,PB2.738,PB2,CLU12_PB2_BALBC_001,PB2.740,single,PB2.740,1
BALBC,0.999,12,PB2.739,PB2,CLU12_PB2_BALBC_001,PB2.740,single,PB2.740,1
BALBC,0.999,12,PB2.740,PB2,CLU12_PB2_BALBC_001,PB2.740,single,PB2.740,1
BALBC,0.999,12,PB2.741,PB2,CLU12_PB2_BALBC_001,PB2.740,single,PB2.740,1
BALBC,0.999,12,PB2.742,PB2,CLU12_PB2_BALBC_001,PB2.740,single,PB2.740,1
BALBC,0.999,12,PB2.743,PB2,CLU12_PB2_BALBC_001,PB2.740,single,PB2.740,1
BALBC,0.999,12,PB2.744,PB2,CLU12_PB2_BALBC_001,PB2.740,single,PB2.740,1
BALBF,0.999,6,HA.185,HA,CLU6_HA_BALBF_001,HA.218,single,HA.218,0.776243562
BALBF,0.999,6,HA.186,HA,CLU6_HA_BALBF_001,HA.218,single,HA.218,0.776243562
BALBF,0.999,6,HA.217,HA,CLU6_HA_BALBF_001,HA.218,single,HA.218,0.776243562
BALBF,0.999,6,HA.218,HA,CLU6_HA_BALBF_001,HA.218,single,HA.218,0.776243562
BALBF,0.999,6,HA.219,HA,CLU6_HA_BALBF_001,HA.218,single,HA.218,0.776243562
BALBF,0.999,6,HA.220,HA,CLU6_HA_BALBF_001,HA.218,single,HA.218,0.776243562
BALBF,0.999,6,HA.246,HA,CLU6_HA_BALBF_001,HA.218,single,HA.218,0.776243562
BALBF,0.999,6,NS1.179,NS1,CLU6_NS1_BALBF_001,NS1.183,single,NS1.183,0.947545491
BALBF,0.999,6,NS1.180,NS1,CLU6_NS1_BALBF_001,NS1.183,single,NS1.183,0.947545491
BALBF,0.999,6,NS1.182,NS1,CLU6_NS1_BALBF_001,NS1.183,single,NS1.183,0.947545491
BALBF,0.999,6,NS1.183,NS1,CLU6_NS1_BALBF_001,NS1.183,single,NS1.183,0.947545491
BALBF,0.999,6,NS1.184,NS1,CLU6_NS1_BALBF_001,NS1.183,single,NS1.183,0.947545491
BALBF,0.999,6,NS1.185,NS1,CLU6_NS1_BALBF_001,NS1.183,single,NS1.183,0.947545491
BALBF,0.999,6,NS1.186,NS1,CLU6_NS1_BALBF_001,NS1.183,single,NS1.183,0.947545491
BALBF,0.999,6,PB2.459,PB2,CLU6_PB2_BALBF_001,PB2.482,single,PB2.482,1
BALBF,0.999,6,PB2.481,PB2,CLU6_PB2_BALBF_001,PB2.482,single,PB2.482,1
BALBF,0.999,6,PB2.482,PB2,CLU6_PB2_BALBF_001,PB2.482,single,PB2.482,1
BALBF,0.999,6,PB2.483,PB2,CLU6_PB2_BALBF_001,PB2.482,single,PB2.482,1
BALBF,0.999,12,HA.163,HA,CLU12_HA_BALBF_001,HA.218,single,HA.218,0.76691058
BALBF,0.999,12,HA.164,HA,CLU12_HA_BALBF_001,HA.218,single,HA.218,0.76691058
BALBF,0.999,12,HA.165,HA,CLU12_HA_BALBF_001,HA.218,single,HA.218,0.76691058
BALBF,0.999,12,HA.166,HA,CLU12_HA_BALBF_001,HA.218,single,HA.218,0.76691058
BALBF,0.999,12,HA.183,HA,CLU12_HA_BALBF_001,HA.218,single,HA.218,0.76691058
BALBF,0.999,12,HA.184,HA,CLU12_HA_BALBF_001,HA.218,single,HA.218,0.76691058
BALBF,0.999,12,HA.185,HA,CLU12_HA_BALBF_001,HA.218,single,HA.218,0.76691058
BALBF,0.999,12,HA.186,HA,CLU12_HA_BALBF_001,HA.218,single,HA.218,0.76691058
BALBF,0.999,12,HA.187,HA,CLU12_HA_BALBF_001,HA.218,single,HA.218,0.76691058
BALBF,0.999,12,HA.188,HA,CLU12_HA_BALBF_001,HA.218,single,HA.218,0.76691058
BALBF,0.999,12,HA.189,HA,CLU12_HA_BALBF_001,HA.218,single,HA.218,0.76691058
BALBF,0.999,12,HA.190,HA,CLU12_HA_BALBF_001,HA.218,single,HA.218,0.76691058
BALBF,0.999,12,HA.191,HA,CLU12_HA_BALBF_001,HA.218,single,HA.218,0.76691058
BALBF,0.999,12,HA.201,HA,CLU12_HA_BALBF_001,HA.218,single,HA.218,0.76691058
BALBF,0.999,12,HA.202,HA,CLU12_HA_BALBF_001,HA.218,single,HA.218,0.76691058
BALBF,0.999,12,HA.203,HA,CLU12_HA_BALBF_001,HA.218,single,HA.218,0.76691058
BALBF,0.999,12,HA.204,HA,CLU12_HA_BALBF_001,HA.218,single,HA.218,0.76691058
BALBF,0.999,12,HA.205,HA,CLU12_HA_BALBF_001,HA.218,single,HA.218,0.76691058
BALBF,0.999,12,HA.210,HA,CLU12_HA_BALBF_001,HA.218,single,HA.218,0.76691058
BALBF,0.999,12,HA.211,HA,CLU12_HA_BALBF_001,HA.218,single,HA.218,0.76691058
BALBF,0.999,12,HA.212,HA,CLU12_HA_BALBF_001,HA.218,single,HA.218,0.76691058
BALBF,0.999,12,HA.215,HA,CLU12_HA_BALBF_001,HA.218,single,HA.218,0.76691058
BALBF,0.999,12,HA.216,HA,CLU12_HA_BALBF_001,HA.218,single,HA.218,0.76691058
BALBF,0.999,12,HA.217,HA,CLU12_HA_BALBF_001,HA.218,single,HA.218,0.76691058
BALBF,0.999,12,HA.218,HA,CLU12_HA_BALBF_001,HA.218,single,HA.218,0.76691058
BALBF,0.999,12,HA.219,HA,CLU12_HA_BALBF_001,HA.218,single,HA.218,0.76691058
BALBF,0.999,12,HA.220,HA,CLU12_HA_BALBF_001,HA.218,single,HA.218,0.76691058
BALBF,0.999,12,HA.221,HA,CLU12_HA_BALBF_001,HA.218,single,HA.218,0.76691058
BALBF,0.999,12,HA.226,HA,CLU12_HA_BALBF_001,HA.218,single,HA.218,0.76691058
BALBF,0.999,12,HA.227,HA,CLU12_HA_BALBF_001,HA.218,single,HA.218,0.76691058
BALBF,0.999,12,HA.228,HA,CLU12_HA_BALBF_001,HA.218,single,HA.218,0.76691058
BALBF,0.999,12,HA.229,HA,CLU12_HA_BALBF_001,HA.218,single,HA.218,0.76691058
BALBF,0.999,12,HA.244,HA,CLU12_HA_BALBF_001,HA.218,single,HA.218,0.76691058
BALBF,0.999,12,HA.245,HA,CLU12_HA_BALBF_001,HA.218,single,HA.218,0.76691058
BALBF,0.999,12,HA.246,HA,CLU12_HA_BALBF_001,HA.218,single,HA.218,0.76691058
BALBF,0.999,12,HA.247,HA,CLU12_HA_BALBF_001,HA.218,single,HA.218,0.76691058
BALBF,0.999,12,HA.248,HA,CLU12_HA_BALBF_001,HA.218,single,HA.218,0.76691058
BALBF,0.999,12,NS1.108,NS1,CLU12_NS1_BALBF_001,NS1.183,single,NS1.183,0.926538322
BALBF,0.999,12,NS1.110,NS1,CLU12_NS1_BALBF_001,NS1.183,single,NS1.183,0.926538322
BALBF,0.999,12,NS1.117,NS1,CLU12_NS1_BALBF_001,NS1.183,single,NS1.183,0.926538322
BALBF,0.999,12,NS1.119,NS1,CLU12_NS1_BALBF_001,NS1.183,single,NS1.183,0.926538322
BALBF,0.999,12,NS1.121,NS1,CLU12_NS1_BALBF_001,NS1.183,single,NS1.183,0.926538322
BALBF,0.999,12,NS1.128,NS1,CLU12_NS1_BALBF_001,NS1.183,single,NS1.183,0.926538322
BALBF,0.999,12,NS1.130,NS1,CLU12_NS1_BALBF_001,NS1.183,single,NS1.183,0.926538322
BALBF,0.999,12,NS1.176,NS1,CLU12_NS1_BALBF_001,NS1.183,single,NS1.183,0.926538322
BALBF,0.999,12,NS1.177,NS1,CLU12_NS1_BALBF_001,NS1.183,single,NS1.183,0.926538322
BALBF,0.999,12,NS1.178,NS1,CLU12_NS1_BALBF_001,NS1.183,single,NS1.183,0.926538322
BALBF,0.999,12,NS1.179,NS1,CLU12_NS1_BALBF_001,NS1.183,single,NS1.183,0.926538322
BALBF,0.999,12,NS1.180,NS1,CLU12_NS1_BALBF_001,NS1.183,single,NS1.183,0.926538322
BALBF,0.999,12,NS1.181,NS1,CLU12_NS1_BALBF_001,NS1.183,single,NS1.183,0.926538322
BALBF,0.999,12,NS1.182,NS1,CLU12_NS1_BALBF_001,NS1.183,single,NS1.183,0.926538322
BALBF,0.999,12,NS1.183,NS1,CLU12_NS1_BALBF_001,NS1.183,single,NS1.183,0.926538322
BALBF,0.999,12,NS1.184,NS1,CLU12_NS1_BALBF_001,NS1.183,single,NS1.183,0.926538322
BALBF,0.999,12,NS1.185,NS1,CLU12_NS1_BALBF_001,NS1.183,single,NS1.183,0.926538322
BALBF,0.999,12,NS1.186,NS1,CLU12_NS1_BALBF_001,NS1.183,single,NS1.183,0.926538322
BALBF,0.999,12,NS1.187,NS1,CLU12_NS1_BALBF_001,NS1.183,single,NS1.183,0.926538322
BALBF,0.999,12,NS1.188,NS1,CLU12_NS1_BALBF_001,NS1.183,single,NS1.183,0.926538322
BALBF,0.999,12,NS1.189,NS1,CLU12_NS1_BALBF_001,NS1.183,single,NS1.183,0.926538322
BALBF,0.999,12,NS1.190,NS1,CLU12_NS1_BALBF_001,NS1.183,single,NS1.183,0.926538322
BALBF,0.999,12,NS1.191,NS1,CLU12_NS1_BALBF_001,NS1.183,single,NS1.183,0.926538322
BALBF,0.999,12,NS1.192,NS1,CLU12_NS1_BALBF_001,NS1.183,single,NS1.183,0.926538322
BALBF,0.999,12,NS1.193,NS1,CLU12_NS1_BALBF_001,NS1.183,single,NS1.183,0.926538322
BALBM,0.999,6,HA.165,HA,CLU6_HA_BALBM_001,HA.165,dispersed,HA.165,0.654761577
BALBM,0.999,6,PB2.739,PB2,CLU6_PB2_BALBM_001,PB2.740,single,PB2.740,1
BALBM,0.999,6,PB2.740,PB2,CLU6_PB2_BALBM_001,PB2.740,single,PB2.740,1
BALBM,0.999,6,PB2.741,PB2,CLU6_PB2_BALBM_001,PB2.740,single,PB2.740,1
BALBM,0.999,12,HA.162,HA,CLU12_HA_BALBM_001,HA.165,dispersed,HA.165,0.591094479
BALBM,0.999,12,HA.163,HA,CLU12_HA_BALBM_001,HA.165,dispersed,HA.165,0.591094479
BALBM,0.999,12,HA.165,HA,CLU12_HA_BALBM_001,HA.165,dispersed,HA.165,0.591094479
BALBM,0.999,12,HA.166,HA,CLU12_HA_BALBM_001,HA.165,dispersed,HA.165,0.591094479
BALBM,0.999,12,HA.167,HA,CLU12_HA_BALBM_001,HA.165,dispersed,HA.165,0.591094479
BALBM,0.999,12,HA.187,HA,CLU12_HA_BALBM_001,HA.165,dispersed,HA.165,0.591094479
BALBM,0.999,12,HA.221,HA,CLU12_HA_BALBM_001,HA.165,dispersed,HA.165,0.591094479
BALBM,0.999,12,HA.227,HA,CLU12_HA_BALBM_001,HA.165,dispersed,HA.165,0.591094479
BALBM,0.999,12,NS1.187,NS1,CLU12_NS1_BALBM_001,NS1.183,dispersed,NS1.189,0.333819476
BALBM,0.999,12,PA.022,PA,CLU12_PA_BALBM_001,PA.021,dispersed,PA.021,0.455432383
BALBM,0.999,12,PA.024,PA,CLU12_PA_BALBM_001,PA.021,dispersed,PA.021,0.455432383
BALBM,0.999,12,PA.025,PA,CLU12_PA_BALBM_001,PA.021,dispersed,PA.021,0.455432383
BALBM,0.999,12,PA.027,PA,CLU12_PA_BALBM_001,PA.021,dispersed,PA.021,0.455432383
BALBM,0.999,12,PB2.693,PB2,CLU12_PB2_BALBM_001,PB2.740,single,PB2.740,1
BALBM,0.999,12,PB2.736,PB2,CLU12_PB2_BALBM_001,PB2.740,single,PB2.740,1
BALBM,0.999,12,PB2.737,PB2,CLU12_PB2_BALBM_001,PB2.740,single,PB2.740,1
BALBM,0.999,12,PB2.738,PB2,CLU12_PB2_BALBM_001,PB2.740,single,PB2.740,1
BALBM,0.999,12,PB2.739,PB2,CLU12_PB2_BALBM_001,PB2.740,single,PB2.740,1
BALBM,0.999,12,PB2.740,PB2,CLU12_PB2_BALBM_001,PB2.740,single,PB2.740,1
BALBM,0.999,12,PB2.741,PB2,CLU12_PB2_BALBM_001,PB2.740,single,PB2.740,1
BALBM,0.999,12,PB2.742,PB2,CLU12_PB2_BALBM_001,PB2.740,single,PB2.740,1
BALBM,0.999,12,PB2.743,PB2,CLU12_PB2_BALBM_001,PB2.740,single,PB2.740,1
BALBM,0.999,12,PB2.744,PB2,CLU12_PB2_BALBM_001,PB2.740,single,PB2.740,1
BL6M,0.999,6,PB2.700,PB2,CLU6_PB2_BL6M_001,PB2.701,single,PB2.701,1
BL6M,0.999,6,PB2.701,PB2,CLU6_PB2_BL6M_001,PB2.701,single,PB2.701,1
BL6M,0.999,6,PB2.702,PB2,CLU6_PB2_BL6M_001,PB2.701,single,PB2.701,1
BL6M,0.999,6,PB2.703,PB2,CLU6_PB2_BL6M_001,PB2.701,single,PB2.701,1
BL6M,0.999,6,PB2.704,PB2,CLU6_PB2_BL6M_001,PB2.701,single,PB2.701,1
BL6M,0.999,12,NS1.082,NS1,CLU12_NS1_BL6M_001,NS1.081,single,NS1.081,0.959206322
BL6M,0.999,12,PA.096,PA,CLU12_PA_BL6M_001,PA.097,dispersed,PA.097,0.371811239
BL6M,0.999,12,PA.097,PA,CLU12_PA_BL6M_001,PA.097,dispersed,PA.097,0.371811239
BL6M,0.999,12,PA.098,PA,CLU12_PA_BL6M_001,PA.097,dispersed,PA.097,0.371811239
BL6M,0.999,12,PB2.697,PB2,CLU12_PB2_BL6M_001,PB2.701,single,PB2.701,0.995662542
BL6M,0.999,12,PB2.698,PB2,CLU12_PB2_BL6M_001,PB2.701,single,PB2.701,0.995662542
BL6M,0.999,12,PB2.701,PB2,CLU12_PB2_BL6M_001,PB2.701,single,PB2.701,0.995662542
BL6M,0.999,12,PB2.702,PB2,CLU12_PB2_BL6M_001,PB2.701,single,PB2.701,0.995662542
BL6M,0.999,12,PB2.703,PB2,CLU12_PB2_BL6M_001,PB2.701,single,PB2.701,0.995662542
BL6M,0.999,12,PB2.704,PB2,CLU12_PB2_BL6M_001,PB2.701,single,PB2.701,0.995662542
BL6M,0.999,12,PB2.705,PB2,CLU12_PB2_BL6M_001,PB2.701,single,PB2.701,0.995662542
BL6M,0.999,12,PB2.721,PB2,CLU12_PB2_BL6M_001,PB2.701,single,PB2.701,0.995662542
BL6M,0.999,12,PB2.722,PB2,CLU12_PB2_BL6M_001,PB2.701,single,PB2.701,0.995662542
BL6M,0.999,12,PB2.733,PB2,CLU12_PB2_BL6M_001,PB2.701,single,PB2.701,0.995662542
BL6M,0.999,12,PB2.734,PB2,CLU12_PB2_BL6M_001,PB2.701,single,PB2.701,0.995662542
C57BL6,0.999,6,PB2.700,PB2,CLU6_PB2_C57BL6_001,PB2.701,single,PB2.701,1
C57BL6,0.999,6,PB2.701,PB2,CLU6_PB2_C57BL6_001,PB2.701,single,PB2.701,1
C57BL6,0.999,6,PB2.702,PB2,CLU6_PB2_C57BL6_001,PB2.701,single,PB2.701,1
C57BL6,0.999,6,PB2.703,PB2,CLU6_PB2_C57BL6_001,PB2.701,single,PB2.701,1
C57BL6,0.999,6,PB2.704,PB2,CLU6_PB2_C57BL6_001,PB2.701,single,PB2.701,1
C57BL6,0.999,12,PA.097,PA,CLU12_PA_C57BL6_001,PA.112,dispersed,PA.112,0.406479428
C57BL6,0.999,12,PB2.697,PB2,CLU12_PB2_C57BL6_001,PB2.701,single,PB2.701,1
C57BL6,0.999,12,PB2.698,PB2,CLU12_PB2_C57BL6_001,PB2.701,single,PB2.701,1
C57BL6,0.999,12,PB2.701,PB2,CLU12_PB2_C57BL6_001,PB2.701,single,PB2.701,1
C57BL6,0.999,12,PB2.702,PB2,CLU12_PB2_C57BL6_001,PB2.701,single,PB2.701,1
C57BL6,0.999,12,PB2.703,PB2,CLU12_PB2_C57BL6_001,PB2.701,single,PB2.701,1
C57BL6,0.999,12,PB2.704,PB2,CLU12_PB2_C57BL6_001,PB2.701,single,PB2.701,1
C57BL6,0.999,12,PB2.721,PB2,CLU12_PB2_C57BL6_001,PB2.701,single,PB2.701,1
FEMALE,0.999,6,HA.185,HA,CLU6_HA_FEMALE_001,HA.218,dispersed,HA.218,0.595900477
FEMALE,0.999,6,HA.186,HA,CLU6_HA_FEMALE_001,HA.218,dispersed,HA.218,0.595900477
FEMALE,0.999,6,HA.217,HA,CLU6_HA_FEMALE_001,HA.218,dispersed,HA.218,0.595900477
FEMALE,0.999,6,HA.218,HA,CLU6_HA_FEMALE_001,HA.218,dispersed,HA.218,0.595900477
FEMALE,0.999,6,HA.219,HA,CLU6_HA_FEMALE_001,HA.218,dispersed,HA.218,0.595900477
FEMALE,0.999,6,HA.220,HA,CLU6_HA_FEMALE_001,HA.218,dispersed,HA.218,0.595900477
FEMALE,0.999,6,HA.246,HA,CLU6_HA_FEMALE_001,HA.218,dispersed,HA.218,0.595900477
FEMALE,0.999,6,NS1.179,NS1,CLU6_NS1_FEMALE_001,NS1.183,single,NS1.183,0.94649825
FEMALE,0.999,6,NS1.180,NS1,CLU6_NS1_FEMALE_001,NS1.183,single,NS1.183,0.94649825
FEMALE,0.999,6,NS1.182,NS1,CLU6_NS1_FEMALE_001,NS1.183,single,NS1.183,0.94649825
FEMALE,0.999,6,NS1.183,NS1,CLU6_NS1_FEMALE_001,NS1.183,single,NS1.183,0.94649825
FEMALE,0.999,6,NS1.184,NS1,CLU6_NS1_FEMALE_001,NS1.183,single,NS1.183,0.94649825
FEMALE,0.999,6,NS1.185,NS1,CLU6_NS1_FEMALE_001,NS1.183,single,NS1.183,0.94649825
FEMALE,0.999,6,NS1.186,NS1,CLU6_NS1_FEMALE_001,NS1.183,single,NS1.183,0.94649825
FEMALE,0.999,6,PB2.459,PB2,CLU6_PB2_FEMALE_001,PB2.482,single,PB2.482,1
FEMALE,0.999,6,PB2.460,PB2,CLU6_PB2_FEMALE_001,PB2.482,single,PB2.482,1
FEMALE,0.999,6,PB2.481,PB2,CLU6_PB2_FEMALE_001,PB2.482,single,PB2.482,1
FEMALE,0.999,6,PB2.482,PB2,CLU6_PB2_FEMALE_001,PB2.482,single,PB2.482,1
FEMALE,0.999,6,PB2.483,PB2,CLU6_PB2_FEMALE_001,PB2.482,single,PB2.482,1
FEMALE,0.999,6,PB2.739,PB2,CLU6_PB2_FEMALE_002,PB2.740,single,PB2.740,1
FEMALE,0.999,6,PB2.740,PB2,CLU6_PB2_FEMALE_002,PB2.740,single,PB2.740,1
FEMALE,0.999,6,PB2.741,PB2,CLU6_PB2_FEMALE_002,PB2.740,single,PB2.740,1
FEMALE,0.999,12,HA.163,HA,CLU12_HA_FEMALE_001,HA.218,dispersed,HA.218,0.528874938
FEMALE,0.999,12,HA.164,HA,CLU12_HA_FEMALE_001,HA.218,dispersed,HA.218,0.528874938
FEMALE,0.999,12,HA.165,HA,CLU12_HA_FEMALE_001,HA.218,dispersed,HA.218,0.528874938
FEMALE,0.999,12,HA.166,HA,CLU12_HA_FEMALE_001,HA.218,dispersed,HA.218,0.528874938
FEMALE,0.999,12,HA.183,HA,CLU12_HA_FEMALE_001,HA.218,dispersed,HA.218,0.528874938
FEMALE,0.999,12,HA.184,HA,CLU12_HA_FEMALE_001,HA.218,dispersed,HA.218,0.528874938
FEMALE,0.999,12,HA.185,HA,CLU12_HA_FEMALE_001,HA.218,dispersed,HA.218,0.528874938
FEMALE,0.999,12,HA.186,HA,CLU12_HA_FEMALE_001,HA.218,dispersed,HA.218,0.528874938
FEMALE,0.999,12,HA.187,HA,CLU12_HA_FEMALE_001,HA.218,dispersed,HA.218,0.528874938
FEMALE,0.999,12,HA.188,HA,CLU12_HA_FEMALE_001,HA.218,dispersed,HA.218,0.528874938
FEMALE,0.999,12,HA.189,HA,CLU12_HA_FEMALE_001,HA.218,dispersed,HA.218,0.528874938
FEMALE,0.999,12,HA.190,HA,CLU12_HA_FEMALE_001,HA.218,dispersed,HA.218,0.528874938
FEMALE,0.999,12,HA.191,HA,CLU12_HA_FEMALE_001,HA.218,dispersed,HA.218,0.528874938
FEMALE,0.999,12,HA.201,HA,CLU12_HA_FEMALE_001,HA.218,dispersed,HA.218,0.528874938
FEMALE,0.999,12,HA.202,HA,CLU12_HA_FEMALE_001,HA.218,dispersed,HA.218,0.528874938
FEMALE,0.999,12,HA.203,HA,CLU12_HA_FEMALE_001,HA.218,dispersed,HA.218,0.528874938
FEMALE,0.999,12,HA.204,HA,CLU12_HA_FEMALE_001,HA.218,dispersed,HA.218,0.528874938
FEMALE,0.999,12,HA.205,HA,CLU12_HA_FEMALE_001,HA.218,dispersed,HA.218,0.528874938
FEMALE,0.999,12,HA.210,HA,CLU12_HA_FEMALE_001,HA.218,dispersed,HA.218,0.528874938
FEMALE,0.999,12,HA.211,HA,CLU12_HA_FEMALE_001,HA.218,dispersed,HA.218,0.528874938
FEMALE,0.999,12,HA.212,HA,CLU12_HA_FEMALE_001,HA.218,dispersed,HA.218,0.528874938
FEMALE,0.999,12,HA.215,HA,CLU12_HA_FEMALE_001,HA.218,dispersed,HA.218,0.528874938
FEMALE,0.999,12,HA.216,HA,CLU12_HA_FEMALE_001,HA.218,dispersed,HA.218,0.528874938
FEMALE,0.999,12,HA.217,HA,CLU12_HA_FEMALE_001,HA.218,dispersed,HA.218,0.528874938
FEMALE,0.999,12,HA.218,HA,CLU12_HA_FEMALE_001,HA.218,dispersed,HA.218,0.528874938
FEMALE,0.999,12,HA.219,HA,CLU12_HA_FEMALE_001,HA.218,dispersed,HA.218,0.528874938
FEMALE,0.999,12,HA.220,HA,CLU12_HA_FEMALE_001,HA.218,dispersed,HA.218,0.528874938
FEMALE,0.999,12,HA.221,HA,CLU12_HA_FEMALE_001,HA.218,dispersed,HA.218,0.528874938
FEMALE,0.999,12,HA.226,HA,CLU12_HA_FEMALE_001,HA.218,dispersed,HA.218,0.528874938
FEMALE,0.999,12,HA.227,HA,CLU12_HA_FEMALE_001,HA.218,dispersed,HA.218,0.528874938
FEMALE,0.999,12,HA.228,HA,CLU12_HA_FEMALE_001,HA.218,dispersed,HA.218,0.528874938
FEMALE,0.999,12,HA.229,HA,CLU12_HA_FEMALE_001,HA.218,dispersed,HA.218,0.528874938
FEMALE,0.999,12,HA.244,HA,CLU12_HA_FEMALE_001,HA.218,dispersed,HA.218,0.528874938
FEMALE,0.999,12,HA.245,HA,CLU12_HA_FEMALE_001,HA.218,dispersed,HA.218,0.528874938
FEMALE,0.999,12,HA.246,HA,CLU12_HA_FEMALE_001,HA.218,dispersed,HA.218,0.528874938
FEMALE,0.999,12,HA.247,HA,CLU12_HA_FEMALE_001,HA.218,dispersed,HA.218,0.528874938
FEMALE,0.999,12,HA.248,HA,CLU12_HA_FEMALE_001,HA.218,dispersed,HA.218,0.528874938
FEMALE,0.999,12,NS1.108,NS1,CLU12_NS1_FEMALE_001,NS1.183,dispersed,NS1.183,0.743324836
FEMALE,0.999,12,NS1.110,NS1,CLU12_NS1_FEMALE_001,NS1.183,dispersed,NS1.183,0.743324836
FEMALE,0.999,12,NS1.117,NS1,CLU12_NS1_FEMALE_001,NS1.183,dispersed,NS1.183,0.743324836
FEMALE,0.999,12,NS1.119,NS1,CLU12_NS1_FEMALE_001,NS1.183,dispersed,NS1.183,0.743324836
FEMALE,0.999,12,NS1.121,NS1,CLU12_NS1_FEMALE_001,NS1.183,dispersed,NS1.183,0.743324836
FEMALE,0.999,12,NS1.176,NS1,CLU12_NS1_FEMALE_001,NS1.183,dispersed,NS1.183,0.743324836
FEMALE,0.999,12,NS1.177,NS1,CLU12_NS1_FEMALE_001,NS1.183,dispersed,NS1.183,0.743324836
FEMALE,0.999,12,NS1.179,NS1,CLU12_NS1_FEMALE_001,NS1.183,dispersed,NS1.183,0.743324836
FEMALE,0.999,12,NS1.180,NS1,CLU12_NS1_FEMALE_001,NS1.183,dispersed,NS1.183,0.743324836
FEMALE,0.999,12,NS1.181,NS1,CLU12_NS1_FEMALE_001,NS1.183,dispersed,NS1.183,0.743324836
FEMALE,0.999,12,NS1.182,NS1,CLU12_NS1_FEMALE_001,NS1.183,dispersed,NS1.183,0.743324836
FEMALE,0.999,12,NS1.183,NS1,CLU12_NS1_FEMALE_001,NS1.183,dispersed,NS1.183,0.743324836
FEMALE,0.999,12,NS1.184,NS1,CLU12_NS1_FEMALE_001,NS1.183,dispersed,NS1.183,0.743324836
FEMALE,0.999,12,NS1.186,NS1,CLU12_NS1_FEMALE_001,NS1.183,dispersed,NS1.183,0.743324836
FEMALE,0.999,12,NS1.187,NS1,CLU12_NS1_FEMALE_001,NS1.183,dispersed,NS1.183,0.743324836
FEMALE,0.999,12,NS1.188,NS1,CLU12_NS1_FEMALE_001,NS1.183,dispersed,NS1.183,0.743324836
FEMALE,0.999,12,NS1.189,NS1,CLU12_NS1_FEMALE_001,NS1.183,dispersed,NS1.183,0.743324836
FEMALE,0.999,12,NS1.190,NS1,CLU12_NS1_FEMALE_001,NS1.183,dispersed,NS1.183,0.743324836
FEMALE,0.999,12,NS1.191,NS1,CLU12_NS1_FEMALE_001,NS1.183,dispersed,NS1.183,0.743324836
FEMALE,0.999,12,NS1.192,NS1,CLU12_NS1_FEMALE_001,NS1.183,dispersed,NS1.183,0.743324836
FEMALE,0.999,12,NS1.193,NS1,CLU12_NS1_FEMALE_001,NS1.183,dispersed,NS1.183,0.743324836
FEMALE,0.999,12,PB2.469,PB2,CLU12_PB2_FEMALE_001,PB2.482,single,PB2.482,0.956248488
MALE,0.999,6,HA.164,HA,CLU6_HA_MALE_001,HA.165,dispersed,HA.165,0.620708483
MALE,0.999,6,HA.165,HA,CLU6_HA_MALE_001,HA.165,dispersed,HA.165,0.620708483
MALE,0.999,6,HA.166,HA,CLU6_HA_MALE_001,HA.165,dispersed,HA.165,0.620708483
MALE,0.999,6,HA.246,HA,CLU6_HA_MALE_001,HA.165,dispersed,HA.165,0.620708483
MALE,0.999,6,NS1.180,NS1,CLU6_NS1_MALE_001,NS1.183,dispersed,NS1.183,0.629556836
MALE,0.999,6,PA.026,PA,CLU6_PA_MALE_001,PA.021,dispersed,PA.021,0.723504408
MALE,0.999,6,PB2.700,PB2,CLU6_PB2_MALE_001,PB2.701,single,PB2.701,0.977893324
MALE,0.999,6,PB2.701,PB2,CLU6_PB2_MALE_001,PB2.701,single,PB2.701,0.977893324
MALE,0.999,6,PB2.702,PB2,CLU6_PB2_MALE_001,PB2.701,single,PB2.701,0.977893324
MALE,0.999,6,PB2.703,PB2,CLU6_PB2_MALE_001,PB2.701,single,PB2.701,0.977893324
MALE,0.999,6,PB2.704,PB2,CLU6_PB2_MALE_001,PB2.701,single,PB2.701,0.977893324
MALE,0.999,6,PB2.739,PB2,CLU6_PB2_MALE_002,PB2.740,single,PB2.740,1
MALE,0.999,6,PB2.740,PB2,CLU6_PB2_MALE_002,PB2.740,single,PB2.740,1
MALE,0.999,6,PB2.741,PB2,CLU6_PB2_MALE_002,PB2.740,single,PB2.740,1
MALE,0.999,12,HA.126,HA,CLU12_HA_MALE_001,HA.165,dispersed,HA.165,0.495819956
MALE,0.999,12,HA.127,HA,CLU12_HA_MALE_001,HA.165,dispersed,HA.165,0.495819956
MALE,0.999,12,HA.162,HA,CLU12_HA_MALE_001,HA.165,dispersed,HA.165,0.495819956
MALE,0.999,12,HA.163,HA,CLU12_HA_MALE_001,HA.165,dispersed,HA.165,0.495819956
MALE,0.999,12,HA.165,HA,CLU12_HA_MALE_001,HA.165,dispersed,HA.165,0.495819956
MALE,0.999,12,HA.166,HA,CLU12_HA_MALE_001,HA.165,dispersed,HA.165,0.495819956
MALE,0.999,12,HA.167,HA,CLU12_HA_MALE_001,HA.165,dispersed,HA.165,0.495819956
MALE,0.999,12,HA.186,HA,CLU12_HA_MALE_001,HA.165,dispersed,HA.165,0.495819956
MALE,0.999,12,HA.187,HA,CLU12_HA_MALE_001,HA.165,dispersed,HA.165,0.495819956
MALE,0.999,12,HA.204,HA,CLU12_HA_MALE_001,HA.165,dispersed,HA.165,0.495819956
MALE,0.999,12,HA.205,HA,CLU12_HA_MALE_001,HA.165,dispersed,HA.165,0.495819956
MALE,0.999,12,HA.218,HA,CLU12_HA_MALE_001,HA.165,dispersed,HA.165,0.495819956
MALE,0.999,12,HA.219,HA,CLU12_HA_MALE_001,HA.165,dispersed,HA.165,0.495819956
MALE,0.999,12,HA.220,HA,CLU12_HA_MALE_001,HA.165,dispersed,HA.165,0.495819956
MALE,0.999,12,HA.221,HA,CLU12_HA_MALE_001,HA.165,dispersed,HA.165,0.495819956
MALE,0.999,12,HA.227,HA,CLU12_HA_MALE_001,HA.165,dispersed,HA.165,0.495819956
MALE,0.999,12,HA.243,HA,CLU12_HA_MALE_001,HA.165,dispersed,HA.165,0.495819956
MALE,0.999,12,HA.244,HA,CLU12_HA_MALE_001,HA.165,dispersed,HA.165,0.495819956
MALE,0.999,12,HA.246,HA,CLU12_HA_MALE_001,HA.165,dispersed,HA.165,0.495819956
MALE,0.999,12,NS1.176,NS1,CLU12_NS1_MALE_001,NS1.183,dispersed,NS1.183,0.340644355
MALE,0.999,12,NS1.179,NS1,CLU12_NS1_MALE_001,NS1.183,dispersed,NS1.183,0.340644355
MALE,0.999,12,NS1.182,NS1,CLU12_NS1_MALE_001,NS1.183,dispersed,NS1.183,0.340644355
MALE,0.999,12,NS1.183,NS1,CLU12_NS1_MALE_001,NS1.183,dispersed,NS1.183,0.340644355
MALE,0.999,12,NS1.184,NS1,CLU12_NS1_MALE_001,NS1.183,dispersed,NS1.183,0.340644355
MALE,0.999,12,NS1.185,NS1,CLU12_NS1_MALE_001,NS1.183,dispersed,NS1.183,0.340644355
MALE,0.999,12,NS1.186,NS1,CLU12_NS1_MALE_001,NS1.183,dispersed,NS1.183,0.340644355
MALE,0.999,12,NS1.187,NS1,CLU12_NS1_MALE_001,NS1.183,dispersed,NS1.183,0.340644355
MALE,0.999,12,NS1.188,NS1,CLU12_NS1_MALE_001,NS1.183,dispersed,NS1.183,0.340644355
MALE,0.999,12,NS1.189,NS1,CLU12_NS1_MALE_001,NS1.183,dispersed,NS1.183,0.340644355
MALE,0.999,12,NS1.192,NS1,CLU12_NS1_MALE_001,NS1.183,dispersed,NS1.183,0.340644355
MALE,0.999,12,PA.002,PA,CLU12_PA_MALE_001,PA.021,dispersed,PA.021,0.498903502
MALE,0.999,12,PA.018,PA,CLU12_PA_MALE_001,PA.021,dispersed,PA.021,0.498903502
MALE,0.999,12,PA.022,PA,CLU12_PA_MALE_001,PA.021,dispersed,PA.021,0.498903502
MALE,0.999,12,PA.024,PA,CLU12_PA_MALE_001,PA.021,dispersed,PA.021,0.498903502
MALE,0.999,12,PA.025,PA,CLU12_PA_MALE_001,PA.021,dispersed,PA.021,0.498903502
MALE,0.999,12,PA.026,PA,CLU12_PA_MALE_001,PA.021,dispersed,PA.021,0.498903502
MALE,0.999,12,PA.027,PA,CLU12_PA_MALE_001,PA.021,dispersed,PA.021,0.498903502
MALE,0.999,12,PA.028,PA,CLU12_PA_MALE_001,PA.021,dispersed,PA.021,0.498903502
MALE,0.999,12,PA.029,PA,CLU12_PA_MALE_001,PA.021,dispersed,PA.021,0.498903502
MALE,0.999,12,PA.030,PA,CLU12_PA_MALE_001,PA.021,dispersed,PA.021,0.498903502
MALE,0.999,12,PA.031,PA,CLU12_PA_MALE_001,PA.021,dispersed,PA.021,0.498903502
MALE,0.999,12,PA.032,PA,CLU12_PA_MALE_001,PA.021,dispersed,PA.021,0.498903502
MALE,0.999,12,PA.095,PA,CLU12_PA_MALE_002,PA.097,dispersed,PA.097,0.48948826
MALE,0.999,12,PA.096,PA,CLU12_PA_MALE_002,PA.097,dispersed,PA.097,0.48948826
MALE,0.999,12,PA.097,PA,CLU12_PA_MALE_002,PA.097,dispersed,PA.097,0.48948826
MALE,0.999,12,PA.098,PA,CLU12_PA_MALE_002,PA.097,dispersed,PA.097,0.48948826
MALE,0.999,12,PA.099,PA,CLU12_PA_MALE_002,PA.097,dispersed,PA.097,0.48948826
MALE,0.999,12,PA.100,PA,CLU12_PA_MALE_002,PA.097,dispersed,PA.097,0.48948826
MALE,0.999,12,PA.115,PA,CLU12_PA_MALE_002,PA.097,dispersed,PA.097,0.48948826
MALE,0.999,12,PB2.693,PB2,CLU12_PB2_MALE_001,PB2.740,single,PB2.740,1
MALE,0.999,12,PB2.697,PB2,CLU12_PB2_MALE_002,PB2.701,single,PB2.701,0.977893324
MALE,0.999,12,PB2.698,PB2,CLU12_PB2_MALE_002,PB2.701,single,PB2.701,0.977893324
MALE,0.999,12,PB2.701,PB2,CLU12_PB2_MALE_002,PB2.701,single,PB2.701,0.977893324
MALE,0.999,12,PB2.702,PB2,CLU12_PB2_MALE_002,PB2.701,single,PB2.701,0.977893324
MALE,0.999,12,PB2.703,PB2,CLU12_PB2_MALE_002,PB2.701,single,PB2.701,0.977893324
MALE,0.999,12,PB2.704,PB2,CLU12_PB2_MALE_002,PB2.701,single,PB2.701,0.977893324
MALE,0.999,12,PB2.721,PB2,CLU12_PB2_MALE_002,PB2.701,single,PB2.701,0.977893324
MALE,0.999,12,PB2.733,PB2,CLU12_PB2_MALE_002,PB2.701,single,PB2.701,0.977893324
MALE,0.999,12,PB2.737,PB2,CLU12_PB2_MALE_001,PB2.740,single,PB2.740,1
MALE,0.999,12,PB2.738,PB2,CLU12_PB2_MALE_001,PB2.740,single,PB2.740,1
