SampleID,Host,Sex,Virus,Treatment,Line,Virulence,Position,HOM.Ancestral,HOM.Derived,PUR.Ancestral,PUR.Derived,COV HOM,COV PUR,FREQ HOM,FREQ PUR,freqdiff
9776,BALB/C,F,BALBF,1X,D,3.308271,HA.1408.,16,0,4212,1386,16,5598,0.0000,0.2476,0.2476
9786,BALB/C,F,BALBF,2X,CD,3.23894,HA.0703.,2161,714,3500,2938,2875,6438,0.2483,0.4564,0.2080
9769,BALB/C,F,BALBF,2X,AB,3.085051,PB2.1447.,20,0,2696,571,20,3267,0.0000,0.1748,0.1748
9783,BALB/C,F,BALBF,1X,C,3.734649,PA.0115.,207,0,2908,483,207,3391,0.0000,0.1424,0.1424
9769,BALB/C,F,BALBF,2X,AB,3.085051,PA.0114.,1046,0,2825,417,1046,3242,0.0000,0.1286,0.1286
9770,BALB/C,F,BALBF,4X,ABCD,4.551737,M.0593.,12638,1440,11985,3469,14078,15454,0.1023,0.2245,0.1222
9773,BALB/C,F,BALBF,1X,B,4.154758,PA.0291.,192,104,2900,2569,296,5469,0.3514,0.4697,0.1184
9785,BALB/C,F,BALBF,4X,ABCD,4.551737,PA.0064.,2677,34,2729,356,2711,3085,0.0125,0.1154,0.1029
9783,BALB/C,F,BALBF,1X,C,3.734649,NP.1457.,26,11,1567,1038,37,2605,0.2973,0.3985,0.1012
9770,BALB/C,F,BALBF,4X,ABCD,4.551737,PB2.2220.,603,856,1018,2172,1459,3190,0.5867,0.6809,0.0942
9785,BALB/C,F,BALBF,4X,ABCD,4.551737,PB2.2220.,920,933,1411,2052,1853,3463,0.5035,0.5925,0.0890
9773,BALB/C,F,BALBF,1X,B,4.154758,PB2.2220.,505,329,1368,1266,834,2634,0.3945,0.4806,0.0862
9785,BALB/C,F,BALBF,4X,ABCD,4.551737,M.0593.,13556,1343,10902,2300,14899,13202,0.0901,0.1742,0.0841
9773,BALB/C,F,BALBF,1X,B,4.154758,NP.1435.,1580,122,2718,478,1702,3196,0.0717,0.1496,0.0779
9769,BALB/C,F,BALBF,2X,AB,3.085051,PA.0570.,22,63,758,3428,85,4186,0.7412,0.8189,0.0777
9786,BALB/C,F,BALBF,2X,CD,3.23894,NR.1206.,4076,1529,4912,2564,5605,7476,0.2728,0.3430,0.0702
9783,BALB/C,F,BALBF,1X,C,3.734649,NS.0549.,262,777,2087,9325,1039,11412,0.7478,0.8171,0.0693
9786,BALB/C,F,BALBF,2X,CD,3.23894,HA.1499.,4473,404,5797,1019,4877,6816,0.0828,0.1495,0.0667
9773,BALB/C,F,BALBF,1X,B,4.154758,PB2.1017.,35,0,2748,183,35,2931,0.0000,0.0624,0.0624
9768,BALB/C,F,BALBF,1X,A,2.585711,NS.0567.,30,0,12403,788,30,13191,0.0000,0.0597,0.0597
9769,BALB/C,F,BALBF,2X,AB,3.085051,PB2.0442.,9,0,3650,230,9,3880,0.0000,0.0593,0.0593
9770,BALB/C,F,BALBF,4X,ABCD,4.551737,NS.0550.,11423,2915,11524,4011,14338,15535,0.2033,0.2582,0.0549
9769,BALB/C,F,BALBF,2X,AB,3.085051,HA.0703.,68,772,214,5654,840,5868,0.9190,0.9635,0.0445
9770,BALB/C,F,BALBF,4X,ABCD,4.551737,PA.1033.,227,14,2776,317,241,3093,0.0581,0.1025,0.0444
9783,BALB/C,F,BALBF,1X,C,3.734649,PA.0131.,223,0,3718,153,223,3871,0.0000,0.0395,0.0395
9769,BALB/C,F,BALBF,2X,AB,3.085051,PA.0291.,192,0,4616,188,192,4804,0.0000,0.0391,0.0391
9770,BALB/C,F,BALBF,4X,ABCD,4.551737,NR.0665.,1072,53,4373,397,1125,4770,0.0471,0.0832,0.0361
9773,BALB/C,F,BALBF,1X,B,4.154758,PA.1718.,573,0,6021,220,573,6241,0.0000,0.0353,0.0353
9770,BALB/C,F,BALBF,4X,ABCD,4.551737,HA.1499.,3165,93,5510,366,3258,5876,0.0285,0.0623,0.0337
9785,BALB/C,F,BALBF,4X,ABCD,4.551737,PB2.0221.,682,0,5262,181,682,5443,0.0000,0.0333,0.0333
9785,BALB/C,F,BALBF,4X,ABCD,4.551737,NR.0665.,1647,54,6472,448,1701,6920,0.0317,0.0647,0.0330
9785,BALB/C,F,BALBF,4X,ABCD,4.551737,HA.1499.,3597,86,6160,353,3683,6513,0.0234,0.0542,0.0308
9770,BALB/C,F,BALBF,4X,ABCD,4.551737,PA.0291.,312,9,2802,175,321,2977,0.0280,0.0588,0.0307
9783,BALB/C,F,BALBF,1X,C,3.734649,NR.1240.,512,0,5827,183,512,6010,0.0000,0.0304,0.0304
9770,BALB/C,F,BALBF,4X,ABCD,4.551737,PA.0079.,2259,0,2007,55,2259,2062,0.0000,0.0267,0.0267
9769,BALB/C,F,BALBF,2X,AB,3.085051,NP.1417.,1250,94,3484,369,1344,3853,0.0699,0.0958,0.0258
9785,BALB/C,F,BALBF,4X,ABCD,4.551737,NS.0550.,11719,2973,9872,2916,14692,12788,0.2024,0.2280,0.0257
9773,BALB/C,F,BALBF,1X,B,4.154758,M.0491.,14800,0,13680,358,14800,14038,0.0000,0.0255,0.0255
9776,BALB/C,F,BALBF,1X,D,3.308271,HA.1418.,18,0,5545,134,18,5679,0.0000,0.0236,0.0236
9770,BALB/C,F,BALBF,4X,ABCD,4.551737,HA.0526.,1088,37,5702,336,1125,6038,0.0329,0.0556,0.0228
9783,BALB/C,F,BALBF,1X,C,3.734649,NP.1131.,30,0,8006,185,30,8191,0.0000,0.0226,0.0226
9786,BALB/C,F,BALBF,2X,CD,3.23894,NS.0303.,19253,1694,12540,1447,20947,13987,0.0809,0.1035,0.0226
9770,BALB/C,F,BALBF,4X,ABCD,4.551737,PB2.1447.,49,7,1772,304,56,2076,0.1250,0.1464,0.0214
9773,BALB/C,F,BALBF,1X,B,4.154758,PA.0047.,1032,0,2082,42,1032,2124,0.0000,0.0198,0.0198
9786,BALB/C,F,BALBF,2X,CD,3.23894,HA.1637.,2578,0,3507,68,2578,3575,0.0000,0.0190,0.0190
9785,BALB/C,F,BALBF,4X,ABCD,4.551737,HA.0526.,1498,49,6655,354,1547,7009,0.0317,0.0505,0.0188
9769,BALB/C,F,BALBF,2X,AB,3.085051,NS.0550.,387,9857,230,11219,10244,11449,0.9622,0.9799,0.0177
9769,BALB/C,F,BALBF,2X,AB,3.085051,PB2.1768.,27,0,3683,66,27,3749,0.0000,0.0176,0.0176
9786,BALB/C,F,BALBF,2X,CD,3.23894,NP.0941.,2650,3134,3473,4403,5784,7876,0.5418,0.5590,0.0172
9776,BALB/C,F,BALBF,1X,D,3.308271,HA.1307.,21,0,6148,107,21,6255,0.0000,0.0171,0.0171
9783,BALB/C,F,BALBF,1X,C,3.734649,M.0376.,337,0,13088,226,337,13314,0.0000,0.0170,0.0170
9785,BALB/C,F,BALBF,4X,ABCD,4.551737,PB2.1447.,66,10,2716,471,76,3187,0.1316,0.1478,0.0162
9769,BALB/C,F,BALBF,2X,AB,3.085051,NR.0196.,585,0,6447,105,585,6552,0.0000,0.0160,0.0160
9786,BALB/C,F,BALBF,2X,CD,3.23894,PA.0663.,814,0,4454,71,814,4525,0.0000,0.0157,0.0157
9770,BALB/C,F,BALBF,4X,ABCD,4.551737,NP.0444.,45,1156,158,6965,1201,7123,0.9625,0.9778,0.0153
9785,BALB/C,F,BALBF,4X,ABCD,4.551737,NR.0328.,1956,14,7599,173,1970,7772,0.0071,0.0223,0.0152
9776,BALB/C,F,BALBF,1X,D,3.308271,NS.0070.,637,0,5991,88,637,6079,0.0000,0.0145,0.0145
9773,BALB/C,F,BALBF,1X,B,4.154758,NS.0550.,1316,13904,903,11631,15220,12534,0.9135,0.9280,0.0144
9769,BALB/C,F,BALBF,2X,AB,3.085051,NR.0186.,574,0,6336,92,574,6428,0.0000,0.0143,0.0143
9776,BALB/C,F,BALBF,1X,D,3.308271,NP.0157.,39,0,6638,94,39,6732,0.0000,0.0140,0.0140
9770,BALB/C,F,BALBF,4X,ABCD,4.551737,PB1.1729.,327,0,2559,36,327,2595,0.0000,0.0139,0.0139
9769,BALB/C,F,BALBF,2X,AB,3.085051,NS.0660.,8571,0,9428,132,8571,9560,0.0000,0.0138,0.0138
9785,BALB/C,F,BALBF,4X,ABCD,4.551737,PA.0704.,270,0,4275,59,270,4334,0.0000,0.0136,0.0136
9776,BALB/C,F,BALBF,1X,D,3.308271,HA.1262.,21,0,6221,85,21,6306,0.0000,0.0135,0.0135
9786,BALB/C,F,BALBF,2X,CD,3.23894,NR.0526.,3875,33,7547,168,3908,7715,0.0084,0.0218,0.0133
9773,BALB/C,F,BALBF,1X,B,4.154758,PB2.2103.,867,11,4571,121,878,4692,0.0125,0.0258,0.0133
9770,BALB/C,F,BALBF,4X,ABCD,4.551737,PA.0081.,2259,0,2031,27,2259,2058,0.0000,0.0131,0.0131
9786,BALB/C,F,BALBF,2X,CD,3.23894,PB1.1390.,417,22,3075,207,439,3282,0.0501,0.0631,0.0130
9785,BALB/C,F,BALBF,4X,ABCD,4.551737,NR.1197.,3058,18,7229,138,3076,7367,0.0059,0.0187,0.0129
9773,BALB/C,F,BALBF,1X,B,4.154758,PB1.1102.,33,0,2960,37,33,2997,0.0000,0.0123,0.0123
9783,BALB/C,F,BALBF,1X,C,3.734649,HA.0283.,41,0,6358,79,41,6437,0.0000,0.0123,0.0123
9773,BALB/C,F,BALBF,1X,B,4.154758,NR.0597.,1083,0,6734,83,1083,6817,0.0000,0.0122,0.0122
9773,BALB/C,F,BALBF,1X,B,4.154758,HA.0338.,1388,0,6890,84,1388,6974,0.0000,0.0120,0.0120
9786,BALB/C,F,BALBF,2X,CD,3.23894,NR.0329.,4098,0,8215,98,4098,8313,0.0000,0.0118,0.0118
9769,BALB/C,F,BALBF,2X,AB,3.085051,PA.0684.,119,0,4551,54,119,4605,0.0000,0.0117,0.0117
9785,BALB/C,F,BALBF,4X,ABCD,4.551737,PB1.1729.,441,0,3350,39,441,3389,0.0000,0.0115,0.0115
9776,BALB/C,F,BALBF,1X,D,3.308271,NP.1138.,47,0,7440,85,47,7525,0.0000,0.0113,0.0113
9773,BALB/C,F,BALBF,1X,B,4.154758,NP.0157.,1656,0,7603,86,1656,7689,0.0000,0.0112,0.0112
9783,BALB/C,F,BALBF,1X,C,3.734649,HA.1004.,33,0,5661,64,33,5725,0.0000,0.0112,0.0112
9776,BALB/C,F,BALBF,1X,D,3.308271,HA.1364.,13,0,5809,62,13,5871,0.0000,0.0106,0.0106
9785,BALB/C,F,BALBF,4X,ABCD,4.551737,M.0672.,15257,0,12977,133,15257,13110,0.0000,0.0101,0.0101
9770,BALB/C,F,BALBF,4X,ABCD,4.551737,PA.0269.,550,8,2966,74,558,3040,0.0143,0.0243,0.0100
9773,BALB/C,F,BALBF,1X,B,4.154758,NR.0647.,1169,0,7068,71,1169,7139,0.0000,0.0099,0.0099
9786,BALB/C,F,BALBF,2X,CD,3.23894,NR.1281.,4595,281,5312,383,4876,5695,0.0576,0.0673,0.0096
9773,BALB/C,F,BALBF,1X,B,4.154758,NR.0136.,766,18,4707,157,784,4864,0.0230,0.0323,0.0093
9773,BALB/C,F,BALBF,1X,B,4.154758,NP.1417.,2335,60,4172,148,2395,4320,0.0251,0.0343,0.0092
9786,BALB/C,F,BALBF,2X,CD,3.23894,NS.0690.,14195,0,9784,87,14195,9871,0.0000,0.0088,0.0088
9786,BALB/C,F,BALBF,2X,CD,3.23894,PA.0047.,1082,25,1997,64,1107,2061,0.0226,0.0311,0.0085
9770,BALB/C,F,BALBF,4X,ABCD,4.551737,NR.1197.,2675,35,5040,110,2710,5150,0.0129,0.0214,0.0084
9786,BALB/C,F,BALBF,2X,CD,3.23894,HA.0763.,2933,67,6405,203,3000,6608,0.0223,0.0307,0.0084
9786,BALB/C,F,BALBF,2X,CD,3.23894,PB1.0563.,223,6,3245,116,229,3361,0.0262,0.0345,0.0083
9776,BALB/C,F,BALBF,1X,D,3.308271,HA.1187.,15,0,6231,48,15,6279,0.0000,0.0076,0.0076
9773,BALB/C,F,BALBF,1X,B,4.154758,PA.0577.,198,0,4583,35,198,4618,0.0000,0.0076,0.0076
9785,BALB/C,F,BALBF,4X,ABCD,4.551737,NP.0444.,37,1775,116,8008,1812,8124,0.9796,0.9857,0.0061
9786,BALB/C,F,BALBF,2X,CD,3.23894,PB2.1065.,274,0,3392,20,274,3412,0.0000,0.0059,0.0059
9783,BALB/C,F,BALBF,1X,C,3.734649,NP.1422.,41,0,3263,19,41,3282,0.0000,0.0058,0.0058
9786,BALB/C,F,BALBF,2X,CD,3.23894,NR.0185.,3753,0,7276,41,3753,7317,0.0000,0.0056,0.0056
9773,BALB/C,F,BALBF,1X,B,4.154758,PB1.1195.,32,0,2981,16,32,2997,0.0000,0.0053,0.0053
9773,BALB/C,F,BALBF,1X,B,4.154758,HA.0235.,1438,0,7079,37,1438,7116,0.0000,0.0052,0.0052
9785,BALB/C,F,BALBF,4X,ABCD,4.551737,PB2.0217.,734,0,5409,27,734,5436,0.0000,0.0050,0.0050
9770,BALB/C,F,BALBF,4X,ABCD,4.551737,M.0691.,14295,210,14981,293,14505,15274,0.0145,0.0192,0.0047
9786,BALB/C,F,BALBF,2X,CD,3.23894,NR.0293.,4072,96,8097,231,4168,8328,0.0230,0.0277,0.0047
9785,BALB/C,F,BALBF,4X,ABCD,4.551737,M.0691.,15167,188,12832,219,15355,13051,0.0122,0.0168,0.0045
9769,BALB/C,F,BALBF,2X,AB,3.085051,PB1.0162.,1493,11,4206,50,1504,4256,0.0073,0.0117,0.0044
9786,BALB/C,F,BALBF,2X,CD,3.23894,M.0499.,17509,543,13934,495,18052,14429,0.0301,0.0343,0.0042
9770,BALB/C,F,BALBF,4X,ABCD,4.551737,PB1.0349.,69,0,2141,9,69,2150,0.0000,0.0042,0.0042
9770,BALB/C,F,BALBF,4X,ABCD,4.551737,PB2.0221.,483,9,3383,77,492,3460,0.0183,0.0223,0.0040
9785,BALB/C,F,BALBF,4X,ABCD,4.551737,HA.1500.,3606,37,6367,91,3643,6458,0.0102,0.0141,0.0039
9769,BALB/C,F,BALBF,2X,AB,3.085051,HA.0413.,946,9,6507,85,955,6592,0.0094,0.0129,0.0035
9785,BALB/C,F,BALBF,4X,ABCD,4.551737,PA.1033.,326,17,3998,215,343,4213,0.0496,0.0510,0.0015
9770,BALB/C,F,BALBF,4X,ABCD,4.551737,HA.1500.,3184,51,5749,98,3235,5847,0.0158,0.0168,0.0010
9769,BALB/C,F,BALBF,2X,AB,3.085051,NS.0213.,10997,340,11877,372,11337,12249,0.0300,0.0304,0.0004
9770,BALB/C,F,BALBF,4X,ABCD,4.551737,HA.0703.,0,1049,0,5587,1049,5587,1.0000,1.0000,0.0000
9773,BALB/C,F,BALBF,1X,B,4.154758,HA.0703.,0,1278,0,6808,1278,6808,1.0000,1.0000,0.0000
9783,BALB/C,F,BALBF,1X,C,3.734649,HA.0703.,0,38,0,6033,38,6033,1.0000,1.0000,0.0000
9785,BALB/C,F,BALBF,4X,ABCD,4.551737,HA.0703.,0,1413,0,6636,1413,6636,1.0000,1.0000,0.0000
9786,BALB/C,F,BALBF,2X,CD,3.23894,PB2.1447.,0,355,0,3605,355,3605,1.0000,1.0000,0.0000
